date,stock_id,link,source,title,is_similar,available
2023-01-03 07:15:15,2303,https://tw.stock.yahoo.com/news/%E8%81%AF%E9%9B%BB%E7%99%BC2-3%E8%90%AC%E5%BC%B5%E9%99%90%E5%88%B6%E5%93%A1%E5%B7%A5%E6%96%B0%E8%82%A1-%E8%91%A3%E4%BA%8B%E9%95%B7%E7%B8%BD%E7%B6%93%E7%90%86%E5%90%84800%E5%BC%B5-065722978.html,Yahoo奇摩股市,聯電發2.3萬張限制員工新股 董事長總經理各800張 - Yahoo奇摩股市,0,1
2023-01-03 08:00:00,2303,https://tw.stock.yahoo.com/news/%E8%81%AF%E9%9B%BB%E7%99%BC%E8%A1%8C2-3%E8%90%AC%E5%BC%B5%E9%99%90%E5%88%B6%E5%9E%8B%E8%82%A1%E7%A5%A8-%E7%B6%93%E7%87%9F%E5%9C%98%E9%9A%8A%E5%85%B1%E5%88%86%E5%BE%977400%E5%BC%B5-084037777.html,Yahoo奇摩股市,聯電發行2.3萬張限制型股票，經營團隊共分得7400張 - Yahoo奇摩股市,0,1
2023-01-05 08:00:00,2303,https://tw.stock.yahoo.com/news/%E5%8D%8A%E5%B0%8E%E9%AB%94-%E8%81%AF%E9%9B%BB%E4%B8%8A%E5%AD%A3%E7%87%9F%E6%94%B6%E5%AF%AB%E7%AC%AC3%E9%AB%98-%E5%8E%BB%E5%B9%B4%E7%BA%8C%E7%B7%A0%E6%96%B0%E7%8C%B7-063232115.html,Yahoo奇摩股市,《半導體》聯電上季營收寫第3高 去年續締新猷 - Yahoo奇摩股市,0,1
2023-01-06 06:21:22,2303,https://tw.stock.yahoo.com/news/%E5%85%AC%E5%91%8A-%E8%81%AF%E9%9B%BB-2022%E5%B9%B412%E6%9C%88%E5%90%88%E4%BD%B5%E7%87%9F%E6%94%B6209-46%E5%84%84%E5%85%83-%E5%B9%B4%E5%A2%9E3-061134481.html,Yahoo奇摩股市,【公告】聯電 2022年12月合併營收209.46億元 年增3.29% - Yahoo奇摩股市,0,1
2023-01-06 07:37:10,2303,https://tw.stock.yahoo.com/news/%E8%81%AF%E9%9B%BBq4%E6%A5%AD%E7%B8%BE%E8%A1%A8%E7%8F%BE%E5%90%88%E4%B9%8E%E8%B2%A1%E6%B8%AC-2022%E5%B9%B4%E7%87%9F%E6%94%B6%E5%B9%B4%E5%A2%9E%E9%80%BE%E4%B8%89%E6%88%90-072943625.html,Yahoo奇摩股市,聯電Q4業績表現合乎財測，2022年營收年增逾三成 - Yahoo奇摩股市,0,1
2023-01-06 08:00:00,2303,https://tw.stock.yahoo.com/news/%E8%80%97%E6%B0%B4%E8%B2%BB2-1%E9%96%8B%E5%BE%B5-%E5%8F%B0%E7%A9%8D%E9%9B%BB%E8%81%AF%E9%9B%BB-%E8%90%BD%E5%AF%A6%E7%AF%80%E6%B0%B4%E8%88%87%E6%8B%93%E5%B1%95%E6%B0%B4%E6%BA%90-100801904.html,Yahoo奇摩股市,耗水費2/1開徵 台積電聯電：落實節水與拓展水源 - Yahoo奇摩股市,0,1
2023-01-06 08:00:00,2303,https://tw.stock.yahoo.com/news/%E8%81%AF%E9%9B%BB-%E7%92%B0%E7%90%83%E6%99%B6-%E4%B8%AD%E7%BE%8E%E6%99%B6%E7%87%9F%E9%81%8B%E6%97%BA-%E5%8E%BB%E5%B9%B4%E7%87%9F%E6%94%B6%E5%90%8C%E5%89%B5%E9%AB%98-112014507.html,Yahoo奇摩股市,聯電、環球晶、中美晶營運旺 去年營收同創高 - Yahoo奇摩股市,0,1
2023-01-06 08:00:00,2303,https://tw.stock.yahoo.com/news/%E6%97%A5%E7%B6%93%E5%88%972023%E5%8F%97%E7%9F%9A%E4%BA%9E%E6%B4%B210%E4%BC%81%E6%A5%AD-%E8%81%AF%E9%9B%BB%E5%BE%9E%E4%BE%9B%E6%87%89%E9%8F%88%E4%B8%AD%E6%96%B7%E7%8D%B2%E5%88%A9-122627720.html,Yahoo奇摩股市,日經列2023受矚亞洲10企業 聯電從供應鏈中斷獲利 - Yahoo奇摩股市,0,1
2023-01-06 08:00:00,2303,https://tw.stock.yahoo.com/news/%E8%81%AF%E9%9B%BB-12-%E6%9C%88%E7%87%9F%E6%94%B6%E8%90%BD%E8%87%B3-2022-%E5%B9%B4%E7%AC%AC%E4%B8%89%E4%BD%8E-%E5%BA%AB%E5%AD%98%E6%95%88%E6%87%89-q-4-%E6%A5%AD%E7%B8%BE%E6%B8%9B-1-%E6%88%90-095856048.html,Yahoo奇摩股市,聯電／聯電12月營收落至2022年第三低庫存效應Q4業績減1成 - Yahoo奇摩股市,0,1
2023-01-06 08:04:47,2303,https://tw.stock.yahoo.com/news/%E5%85%83%E5%AF%8C%E6%9C%9F%E8%B2%A8-%E8%81%AF%E7%99%BC%E7%A7%91-%E8%81%AF%E9%9B%BB%E5%BC%B7%E5%8B%A2%E8%A1%A8%E6%85%8B-%E5%8F%B0%E6%8C%87%E4%BB%8A%E6%97%A5%E9%96%8B%E4%BD%8E%E8%B5%B0%E9%AB%98-080447171.html,Yahoo奇摩股市,元富期貨：聯發科、聯電強勢表態，台指今日開低走高 - Yahoo奇摩股市,0,1
2023-01-07 20:10:00,2303,https://tw.stock.yahoo.com/news/%E8%81%AF%E9%9B%BB-2022%E7%87%9F%E6%94%B6%E5%89%B5%E9%AB%98-201000787.html,Yahoo奇摩股市,聯電 2022營收創高 - Yahoo奇摩股市,0,1
2023-01-10 08:00:00,2303,https://tw.stock.yahoo.com/news/%E6%AC%8A%E8%AD%89%E5%B8%82%E5%A0%B4%E7%84%A6%E9%BB%9E-%E8%81%AF%E9%9B%BB-%E5%8E%BB%E5%B9%B4%E7%87%9F%E6%94%B6%E4%BA%AE%E9%BA%97-201000771.html,Yahoo奇摩股市,權證市場焦點－聯電 去年營收亮麗 - Yahoo奇摩股市,0,1
2023-01-11 08:00:00,2303,https://tw.stock.yahoo.com/news/%E5%85%AC%E5%91%8A-%E8%81%AF%E9%9B%BB%E8%B3%87%E8%A8%8A%E5%AE%89%E5%85%A8%E9%95%B7%E7%95%B0%E5%8B%95-095437532.html,Yahoo奇摩股市,【公告】聯電資訊安全長異動 - Yahoo奇摩股市,0,1
2023-01-13 08:00:00,2303,https://tw.stock.yahoo.com/news/%E9%89%85%E4%BA%A8%E9%80%9F%E5%A0%B1-factset-%E6%9C%80%E6%96%B0%E8%AA%BF%E6%9F%A5-%E8%81%AF%E9%9B%BB-2303-091026885.html,Yahoo奇摩股市,鉅亨速報 - Factset 最新調查：聯電(2303-TW)目標價調升至50元，幅度約4.17% - Yahoo奇摩股市,0,1
2023-01-14 02:12:45,2303,https://tw.stock.yahoo.com/news/%E8%81%AF%E9%9B%BBadr13%E6%97%A5%E4%B8%8B%E8%B7%8C0-07%E7%BE%8E%E5%85%83%E8%B7%8C%E5%B9%850-92-%E6%8A%98%E5%8F%B0%E8%82%A145-58%E5%85%83-015627784.html,Yahoo奇摩股市,聯電ADR13日下跌0.07美元跌幅0.92%折台股45.58元 - Yahoo奇摩股市,0,1
2023-01-14 08:00:00,2303,https://tw.stock.yahoo.com/news/%E8%81%AF%E9%9B%BB%E6%B3%95%E8%AA%AA-%E7%B7%AF%E5%89%B5%E5%B0%BE%E7%89%99-%E5%8F%B0%E8%82%A1%E8%99%8E%E5%B9%B4%E5%B0%81%E9%97%9C-%E6%9C%AC%E5%91%A8%E5%A4%A7%E4%BA%8B%E9%A0%90%E5%91%8A-041154081.html,Yahoo奇摩股市,聯電法說、緯創尾牙、台股虎年封關 本周大事預告 - Yahoo奇摩股市,0,1
2023-01-16 02:54:12,2303,https://tw.stock.yahoo.com/news/%E5%8D%8A%E5%B0%8E%E9%AB%94-%E8%81%AF%E9%9B%BB%E4%B8%8B%E5%8D%88%E6%B3%95%E8%AA%AA%E6%8E%A5%E6%A3%92-%E6%99%B6%E5%9C%93%E4%BB%A3%E5%B7%A5q2%E8%A7%B8%E5%BA%95-024244055.html,Yahoo奇摩股市,《半導體》聯電下午法說接棒 晶圓代工Q2觸底 - Yahoo奇摩股市,0,1
2023-01-16 08:00:00,2303,https://tw.stock.yahoo.com/news/%E8%81%AF%E9%9B%BB%E7%94%A2%E5%93%81%E5%B9%B3%E5%9D%87%E5%94%AE%E5%83%B9%E5%8F%AF%E6%9C%9B%E6%8C%81%E7%A9%A9-%E6%BF%80%E5%8B%B5%E8%82%A1%E5%83%B9%E4%B8%8A%E6%8F%9A-015450045.html,Yahoo奇摩股市,聯電產品平均售價可望持穩 激勵股價上揚 - Yahoo奇摩股市,0,1
2023-01-16 08:00:00,2303,https://tw.stock.yahoo.com/news/%E7%86%B1%E9%96%80%E8%82%A1-%E7%BE%8E%E8%80%8C%E5%BF%AB-5321-%E9%AB%98%E5%8A%9B-8996-023440491.html,Yahoo奇摩股市,熱門股：美而快(5321)、高力(8996)、聯電(2303)、視陽(6782)、裕隆(2201) - Yahoo奇摩股市,0,1
2023-01-16 08:00:00,2303,https://tw.stock.yahoo.com/news/%E5%8F%B0%E5%8C%97%E8%82%A1%E5%B8%82-%E7%9B%A4%E4%B8%AD%E7%84%A6%E9%BB%9E%E8%82%A1-%E8%81%AF%E9%9B%BB-%E9%AB%98%E5%8A%9B-%E4%B8%AD%E9%B4%BB-020504230.html,Yahoo奇摩股市,《台北股市》盤中焦點股：聯電、高力、中鴻、東哥遊艇、愛山林、聚陽 - Yahoo奇摩股市,0,1
2023-01-16 08:00:00,2303,https://tw.stock.yahoo.com/news/%E5%8D%8A%E5%B0%8E%E9%AB%94-%E6%B3%95%E8%AA%AA%E5%BE%8C2%E5%A4%96%E8%B3%87%E6%AF%94%E8%AE%9A-%E8%81%AF%E9%9B%BB%E6%94%BE%E9%87%8F%E8%B5%B0%E6%8F%9A%E9%80%BE2-042812631.html,Yahoo奇摩股市,《半導體》法說後2外資比讚 聯電放量走揚逾2% - Yahoo奇摩股市,0,1
2023-01-16 08:07:14,2303,https://tw.stock.yahoo.com/news/%E5%A4%96%E8%B3%87%E4%B8%8A%E9%80%B1%E8%B2%B7%E8%B6%85890%E5%84%84%E5%85%83-%E5%8A%A0%E7%A2%BC%E8%81%AF%E9%9B%BB%E9%80%BE12%E8%90%AC%E5%BC%B5%E5%B1%85%E5%86%A0-075718807.html,Yahoo奇摩股市,外資上週買超890億元 加碼聯電逾12萬張居冠 - Yahoo奇摩股市,0,1
2023-01-16 10:42:12,2303,https://tw.stock.yahoo.com/news/%E8%81%AF%E9%9B%BB%E7%AC%AC1%E5%AD%A3%E7%94%A2%E8%83%BD%E5%88%A9%E7%94%A8%E7%8E%87%E6%81%90%E9%99%8D%E8%87%B370-%E5%83%B9%E6%A0%BC%E4%BC%B0%E6%8C%81%E5%B9%B3-104212838.html,Yahoo奇摩股市,聯電第1季產能利用率恐降至70% 價格估持平 - Yahoo奇摩股市,0,1
2023-01-16 22:57:56,2303,https://tw.stock.yahoo.com/news/%E8%81%AF%E9%9B%BB%E7%A4%BA%E8%AD%A6-%E8%A8%82%E5%96%AE%E8%83%BD%E8%A6%8B%E5%BA%A6%E5%81%8F%E4%BD%8E-225756013.html,Yahoo奇摩股市,聯電示警 訂單能見度偏低 - Yahoo奇摩股市,0,1
2023-01-17 12:06:05,2303,https://tw.stock.yahoo.com/news/%E5%A4%96%E8%B3%87%E9%80%A39%E8%B2%B7%E9%81%941307%E5%84%84-%E8%99%8E%E5%B9%B4%E5%B0%81%E9%97%9C%E6%97%A5%E5%8A%A0%E7%A2%BC%E8%81%AF%E9%9B%BB%E6%9C%80%E5%A4%9A-120605114.html,Yahoo奇摩股市,外資連9買達1307億 虎年封關日加碼聯電最多 - Yahoo奇摩股市,0,1
2023-01-28 08:00:00,2303,https://tw.stock.yahoo.com/news/%E8%81%AF%E9%9B%BB-%E6%B3%A2%E6%AE%B5%E8%A1%8C%E6%83%85%E5%8F%AF%E6%9C%9F-201000175.html,Yahoo奇摩股市,聯電波段行情可期 - Yahoo奇摩股市,0,1
2023-01-30 08:00:00,2303,https://tw.stock.yahoo.com/news/%E7%86%B1%E9%96%80%E6%97%8F%E7%BE%A4-%E8%B2%BB%E5%8D%8A%E6%8C%87%E6%95%B8%E9%A3%86-%E5%8F%B0%E7%A9%8D%E9%9B%BB-%E8%81%AF%E9%9B%BB%E6%AD%A1%E5%91%BC-234601862.html,Yahoo奇摩股市,《熱門族群》費半指數飆 台積電、聯電歡呼 - Yahoo奇摩股市,0,1
2023-01-30 08:00:00,2303,https://tw.stock.yahoo.com/news/%E7%B5%B1-%E5%83%B9%E5%80%BC%E6%88%90%E9%95%B730n-%E6%96%B0%E5%A2%9E%E8%81%AF%E9%9B%BB%E7%AD%897%E6%AA%94%E6%88%90%E5%88%86%E8%82%A1-103751475.html,Yahoo奇摩股市,統一價值成長30N 新增聯電等7檔成分股 - Yahoo奇摩股市,0,1
2023-01-30 08:00:00,2303,https://tw.stock.yahoo.com/news/%E4%B8%89%E5%A4%A7%E6%B3%95%E4%BA%BA%E5%96%AE%E6%97%A5%E8%B2%B7%E8%B6%85%E8%81%AF%E9%9B%BB109-521%E5%BC%B5-201000045.html,Yahoo奇摩股市,"三大法人單日買超聯電109,521張 - Yahoo奇摩股市",0,1
2023-01-31 04:08:00,2303,https://tw.stock.yahoo.com/news/%E5%8D%8A%E5%B0%8E%E9%AB%94-%E5%9B%9E%E8%B3%BC%E8%81%AF%E8%8A%AF%E9%80%B2%E5%BA%A6%E5%8D%A1%E5%8D%A1-%E8%81%AF%E9%9B%BB-%E7%9B%BC%E4%BE%9D%E7%B4%84%E5%9F%B7%E8%A1%8C-035704276.html,Yahoo奇摩股市,《半導體》回購聯芯進度卡卡 聯電：盼依約執行 - Yahoo奇摩股市,0,1
2023-01-31 08:00:00,2303,https://tw.stock.yahoo.com/news/%E8%81%AF%E9%9B%BB%E6%94%9C%E6%89%8B%E7%9B%8A%E8%8F%AF-%E6%8E%A8%E5%87%BA3d-ic%E6%B7%B7%E5%90%88%E9%8D%B5%E5%90%88%E5%8F%83%E8%80%83%E6%B5%81%E7%A8%8B-071215450.html,Yahoo奇摩股市,聯電攜手益華 推出3D-IC混合鍵合參考流程 - Yahoo奇摩股市,0,1
2023-02-01 11:59:08,2303,https://tw.stock.yahoo.com/news/%E5%A4%96%E8%B3%87%E9%80%A312%E8%B2%B7%E5%8A%A0%E7%A2%BC%E6%99%B6%E5%9C%93%E9%9B%99%E9%9B%84-%E8%B2%B7%E8%B6%85%E8%81%AF%E9%9B%BB2-68%E8%90%AC%E5%BC%B5%E6%9C%80%E5%A4%9A-115908083.html,Yahoo奇摩股市,外資連12買加碼晶圓雙雄 買超聯電2.68萬張最多 - Yahoo奇摩股市,0,1
2023-02-03 12:28:12,2303,https://tw.stock.yahoo.com/news/%E5%A4%96%E8%B3%87%E9%80%A314%E8%B2%B7%E7%BA%8C%E5%B8%83%E5%B1%80%E6%99%B6%E5%9C%93%E9%9B%99%E9%9B%84-%E5%8A%A0%E7%A2%BC%E8%81%AF%E9%9B%BB1-65%E8%90%AC%E5%BC%B5%E5%B1%85%E5%86%A0-122812691.html,Yahoo奇摩股市,外資連14買續布局晶圓雙雄 加碼聯電1.65萬張居冠 - Yahoo奇摩股市,0,1
2023-02-05 08:00:00,2303,https://tw.stock.yahoo.com/news/%E8%81%AF%E9%9B%BB1%E6%9C%88%E7%87%9F%E6%94%B6%E8%B7%8C%E7%A0%B4200%E5%84%84%E5%85%83-%E5%89%B515%E5%80%8B%E6%9C%88%E4%BD%8E-065723475.html,Yahoo奇摩股市,聯電1月營收跌破200億元 創15個月低 - Yahoo奇摩股市,0,1
2023-02-06 07:41:08,2303,https://tw.stock.yahoo.com/news/%E8%81%AF%E9%9B%BB1%E6%9C%88%E7%87%9F%E6%94%B6%E6%9C%88%E6%B8%9B6-5-%E6%8E%A215%E5%80%8B%E6%9C%88%E4%BD%8E%E9%BB%9E-065308475.html,Yahoo奇摩股市,聯電1月營收月減6.5% 探15個月低點 - Yahoo奇摩股市,0,1
2023-02-06 08:00:00,2303,https://tw.stock.yahoo.com/news/%E7%86%B1%E9%96%80%E6%97%8F%E7%BE%A4-%E8%81%AF%E9%9B%BB%E9%BB%91%E7%BF%BB%E7%B4%85-%E8%81%AF%E5%AE%B6%E8%BB%8D%E5%A3%AB%E6%B0%A3%E6%8C%AF-032830830.html,Yahoo奇摩股市,《熱門族群》聯電黑翻紅 聯家軍士氣振 - Yahoo奇摩股市,0,1
2023-02-06 08:01:10,2303,https://tw.stock.yahoo.com/news/%E5%AE%A2%E6%88%B6%E8%AA%BF%E5%BA%AB%E5%AD%98%E7%AD%89%E5%BD%B1%E9%9F%BF-%E8%81%AF%E9%9B%BB1%E6%9C%88%E6%A5%AD%E7%B8%BE%E6%8C%81%E7%BA%8C%E4%B8%8B%E6%BB%91-075508532.html,Yahoo奇摩股市,客戶調庫存等影響，聯電1月業績持續下滑 - Yahoo奇摩股市,0,1
2023-02-07 08:00:00,2303,https://tw.stock.yahoo.com/news/%E7%84%A6%E9%BB%9E%E8%82%A1-%E8%81%AF%E9%9B%BBasp%E6%8C%81%E7%A9%A9-%E5%85%A8%E5%B9%B4eps%E5%8A%9B%E6%8B%9A5%E5%85%83-%E8%82%A1%E5%83%B9%E9%87%8D%E8%BF%945%E6%97%A5%E7%B7%9A-015847797.html,Yahoo奇摩股市,焦點股：聯電ASP持穩，全年EPS力拚5元，股價重返5日線 - Yahoo奇摩股市,0,1
2023-02-12 08:00:00,2303,https://tw.stock.yahoo.com/news/%E5%8D%8A%E5%B0%8E%E9%AB%94-%E8%81%AF%E9%9B%BB-%E7%87%9F%E9%81%8B%E5%85%88%E8%B9%B2%E5%BE%8C%E8%B7%B3-080720681.html,Yahoo奇摩股市,《半導體》聯電 營運先蹲後跳 - Yahoo奇摩股市,0,1
2023-02-13 08:00:00,2303,https://tw.stock.yahoo.com/news/%E5%8D%8A%E5%B0%8E%E9%AB%94-%E8%81%AF%E9%9B%BB2%E6%9C%8821%E6%97%A5%E5%8F%97%E9%82%80%E6%B3%95%E8%AA%AA-064751400.html,Yahoo奇摩股市,《半導體》聯電2月21日受邀法說 - Yahoo奇摩股市,0,1
2023-02-14 07:02:37,2303,https://tw.stock.yahoo.com/news/%E5%85%AC%E5%91%8A-%E8%81%AF%E9%9B%BB%E5%8F%97%E9%82%80%E5%8F%83%E8%88%87%E6%B3%95%E4%BA%BA%E8%AA%AA%E6%98%8E%E6%9C%83%E7%9B%B8%E9%97%9C%E8%B3%87%E8%A8%8A-064946588.html,Yahoo奇摩股市,【公告】聯電受邀參與法人說明會相關資訊 - Yahoo奇摩股市,0,1
2023-02-15 08:00:00,2303,https://tw.stock.yahoo.com/news/%E5%82%B3%E8%80%83%E6%85%AE%E8%B5%B4%E6%97%A5%E8%A8%AD%E6%96%B0%E5%BB%A0-%E8%81%AF%E9%9B%BB%E5%90%A6%E8%AA%8D-042140617.html,Yahoo奇摩股市,傳考慮赴日設新廠 聯電否認 - Yahoo奇摩股市,0,1
2023-02-21 08:00:00,2303,https://tw.stock.yahoo.com/news/%E5%8D%97%E7%A7%913-1%E7%B8%BD%E9%87%8F%E7%AE%A1%E5%88%B6%E7%AF%80%E6%B0%B410-%E5%8F%B0%E7%A9%8D%E9%9B%BB%E8%81%AF%E9%9B%BB%E5%A2%9E%E7%94%A8%E5%86%8D%E7%94%9F%E6%B0%B4-113455368.html,Yahoo奇摩股市,南科3/1總量管制節水10% 台積電聯電增用再生水 - Yahoo奇摩股市,0,1
2023-02-22 08:00:00,2303,https://tw.stock.yahoo.com/news/%E8%81%AF%E9%9B%BB%E5%8E%BB%E5%B9%B4%E7%9B%88%E9%A4%98%E6%93%AC%E9%85%8D%E6%AF%8F%E8%82%A136%E5%85%83%E7%8F%BE%E9%87%91%E8%82%A1%E5%88%A9-%E6%AE%96%E5%88%A9%E7%8E%87%E9%80%BE7-102354389.html,Yahoo奇摩股市,聯電去年盈餘擬配每股3.6元現金股利 殖利率逾7% - Yahoo奇摩股市,0,1
2023-02-22 08:00:00,2303,https://tw.stock.yahoo.com/news/%E8%81%AF%E9%9B%BB%E5%8E%BB%E5%B9%B4%E6%93%AC%E9%85%8D%E6%81%AF3-6%E5%85%83-%E5%89%B526%E5%B9%B4%E6%96%B0%E9%AB%98-%E6%AE%96%E5%88%A9%E7%8E%87%E8%B6%85%E9%81%8E7-082249788.html,Yahoo奇摩股市,聯電去年擬配息3.6元 創26年新高 殖利率超過7% - Yahoo奇摩股市,0,1
2023-02-22 08:00:00,2303,https://tw.stock.yahoo.com/news/%E5%85%AC%E5%91%8A-%E8%81%AF%E9%9B%BB%E5%8F%96%E5%BE%97%E5%BB%A0%E5%8B%99%E8%A8%AD%E5%82%99%E4%B9%8B%E7%9B%B8%E9%97%9C%E8%B3%87%E6%96%99-063804821.html,Yahoo奇摩股市,【公告】聯電取得廠務設備之相關資料 - Yahoo奇摩股市,0,1
2023-02-22 08:00:00,2303,https://tw.stock.yahoo.com/news/%E7%86%B1%E9%96%80%E6%97%8F%E7%BE%A4-%E8%81%AF%E9%9B%BB-%E5%88%A9-%E5%A4%9A%E6%94%BE%E9%80%81-%E6%99%BA%E5%8E%9F%E6%8F%AA%E5%9C%98-031014065.html,Yahoo奇摩股市,《熱門族群》聯電「利」多放送智原揪團一起嗨 - Yahoo奇摩股市,0,1
2023-02-22 08:02:57,2303,https://tw.stock.yahoo.com/news/%E5%85%AC%E5%91%8A-%E8%81%AF%E9%9B%BB%E8%91%A3%E4%BA%8B%E6%9C%83%E9%80%9A%E9%81%8E%E4%B9%8B%E9%87%8D%E8%A6%81%E8%AD%B0%E6%A1%88-080257141.html,Yahoo奇摩股市,【公告】聯電董事會通過之重要議案 - Yahoo奇摩股市,0,1
2023-02-22 08:38:35,2303,https://tw.stock.yahoo.com/news/%E5%8D%8A%E5%B0%8E%E9%AB%94-%E8%81%AF%E9%9B%BB%E5%8E%BB%E5%B9%B4%E6%AF%8F%E8%82%A1%E6%B7%A8%E5%88%A97-09%E5%85%83-%E6%93%AC%E9%85%8D%E6%81%AF3-6%E5%85%83-083835965.html,Yahoo奇摩股市,《半導體》聯電去年每股淨利7.09元 擬配息3.6元 - Yahoo奇摩股市,0,1
2023-02-22 09:27:23,2303,https://tw.stock.yahoo.com/news/%E5%8D%8A%E5%B0%8E%E9%AB%94-%E8%81%AF%E9%9B%BB%E9%85%8D%E6%81%AF%E5%89%B5%E8%BF%9127%E5%B9%B4%E9%AB%98-%E6%AE%96%E6%81%AF%E7%8E%87%E9%81%947-27-092723808.html,Yahoo奇摩股市,《半導體》聯電配息創近27年高 殖息率達7.27％ - Yahoo奇摩股市,0,1
2023-02-23 03:53:00,2303,https://tw.stock.yahoo.com/news/%E8%81%AF%E9%9B%BB%E5%8E%BB%E5%B9%B4%E5%93%A1%E5%B7%A5%E5%B9%B3%E5%9D%87%E5%B9%B4%E8%96%AA233-4%E8%90%AC%E5%85%83-%E5%A2%9E21-9-034157565.html,Yahoo奇摩股市,聯電去年員工平均年薪233.4萬元 增21.9% - Yahoo奇摩股市,0,1
2023-02-23 08:00:00,2303,https://tw.stock.yahoo.com/news/%E8%81%AF%E9%9B%BB%E9%85%8D%E6%81%AF%E8%A1%9D%E6%96%B0%E9%AB%98-%E7%9F%BD%E7%B5%B1%E5%B0%87%E5%8F%97%E6%83%A0-9-6%E5%84%84%E5%85%83%E5%85%A5%E8%A2%8B-%E6%AF%8F%E8%82%A1%E7%A8%85%E5%89%8D%E9%80%B2%E8%A3%9C1-015824043.html,Yahoo奇摩股市,聯電配息衝新高，矽統將受惠，9.6億元入袋，每股稅前進補1.2元 - Yahoo奇摩股市,0,1
2023-03-01 10:39:32,2303,https://tw.stock.yahoo.com/news/%E5%A4%96%E8%B3%87%E8%B3%A3%E8%B6%8545%E5%84%84-%E8%AA%BF%E7%AF%80%E8%8F%AF%E6%96%B0%E6%95%B2%E9%80%B2%E8%81%AF%E9%9B%BB-%E5%8F%B0%E7%A9%8D%E9%9B%BB-103932227.html,Yahoo奇摩股市,外資賣超45億 調節華新敲進聯電、台積電 - Yahoo奇摩股市,0,1
2023-03-02 08:00:00,2303,https://tw.stock.yahoo.com/news/%E8%81%AF%E9%9B%BB28ehv-%E8%A3%BD%E7%A8%8B%E4%B8%8A%E5%8D%8A%E5%B9%B4%E6%8A%95%E5%85%A5%E9%87%8F%E7%94%A2-%E5%B7%B2%E7%8D%B2%E6%95%B8%E5%AE%B6%E5%AE%A2%E6%88%B6%E6%B4%BD%E8%AB%87%E4%B8%AD-045128801.html,Yahoo奇摩股市,聯電28eHV+製程上半年投入量產，已獲數家客戶洽談中 - Yahoo奇摩股市,0,1
2023-03-05 08:00:00,2303,https://tw.stock.yahoo.com/news/%E8%81%AF%E9%9B%BB2%E6%9C%88%E7%87%9F%E6%94%B6169%E5%84%84%E5%85%83-%E6%9C%88%E6%B8%9B13-%E6%8E%A222%E5%80%8B%E6%9C%88%E4%BD%8E%E9%BB%9E-063633005.html,Yahoo奇摩股市,聯電2月營收169億元 月減13%探22個月低點 - Yahoo奇摩股市,0,1
2023-03-05 08:00:00,2303,https://tw.stock.yahoo.com/news/%E8%81%AF%E9%9B%BB2%E6%9C%88%E7%87%9F%E6%94%B6%E9%80%A36%E9%99%8D-%E5%89%B522%E5%80%8B%E6%9C%88%E4%BD%8E-064416338.html,Yahoo奇摩股市,聯電2月營收連6降 創22個月低 - Yahoo奇摩股市,0,1
2023-03-05 08:00:00,2303,https://tw.stock.yahoo.com/news/%E5%8D%8A%E5%B0%8E%E9%AB%94-%E8%81%AF%E9%9B%BB2%E6%9C%88%E7%87%9F%E6%94%B6%E8%BF%9122%E6%9C%88%E4%BD%8E-%E6%94%9C%E5%89%8D2%E6%9C%88%E5%AF%AB%E5%90%8C%E6%9C%9F%E6%AC%A1%E9%AB%98-062115361.html,Yahoo奇摩股市,《半導體》聯電2月營收近22月低 攜前2月寫同期次高 - Yahoo奇摩股市,0,1
2023-03-06 08:00:00,2303,https://tw.stock.yahoo.com/news/%E5%8F%B0%E5%8C%97%E8%82%A1%E5%B8%82-%E7%B4%80%E5%BF%B5%E5%93%81%E5%A4%AF-%E5%A4%A7%E9%AD%AF%E9%96%A3%E7%B4%85%E7%87%88%E9%AB%98%E6%8E%9B-%E8%81%AF%E9%9B%BB%E6%B2%92-%E7%B8%BE-035150061.html,Yahoo奇摩股市,《台北股市》紀念品夯 大魯閣紅燈高掛、聯電沒「績」情 - Yahoo奇摩股市,0,1
2023-03-06 08:00:00,2303,https://tw.stock.yahoo.com/news/%E9%9C%80%E6%B1%82%E5%B7%AE%E8%88%87%E5%BA%AB%E5%AD%98%E8%AA%BF%E6%95%B4-%E8%81%AF%E9%9B%BB2%E6%9C%88%E6%A5%AD%E7%B8%BE%E7%BA%8C%E9%99%8D-082558970.html,Yahoo奇摩股市,需求差與庫存調整，聯電2月業績續降 - Yahoo奇摩股市,0,1
2023-03-07 07:51:31,2303,https://tw.stock.yahoo.com/news/%E5%8D%8A%E5%B0%8E%E9%AB%94-%E8%81%AF%E9%9B%BB-%E8%8B%B1%E9%A3%9B%E5%87%8C%E6%B7%B1%E5%8C%96%E8%BB%8A%E7%94%A8%E5%90%88%E4%BD%9C-%E7%B0%BD40%E5%A5%88%E7%B1%B3mcu%E9%95%B7%E7%B4%84-074610838.html,Yahoo奇摩股市,《半導體》聯電、英飛凌深化車用合作 簽40奈米MCU長約 - Yahoo奇摩股市,0,1
2023-03-08 08:00:00,2303,https://tw.stock.yahoo.com/news/%E6%AC%8A%E8%AD%89%E5%B8%82%E5%A0%B4%E7%84%A6%E9%BB%9E-%E8%81%AF%E9%9B%BB-%E7%8D%B2%E6%AD%90%E6%B4%B2%E5%A4%A7%E5%BB%A0%E8%A8%82%E5%96%AE-201000550.html,Yahoo奇摩股市,權證市場焦點－聯電 獲歐洲大廠訂單 - Yahoo奇摩股市,0,1
2023-03-09 04:19:50,2303,https://tw.stock.yahoo.com/news/%E5%8D%8A%E5%B0%8E%E9%AB%94-%E4%B8%89%E5%A4%A7%E6%B3%95%E4%BA%BA%E9%BD%8A%E5%8A%A0%E7%A2%BC-%E8%81%AF%E9%9B%BB%E7%99%BB11%E6%9C%88%E9%AB%98%E5%83%B9-040906339.html,Yahoo奇摩股市,《半導體》三大法人齊加碼 聯電登11月高價 - Yahoo奇摩股市,0,1
2023-03-11 08:00:00,2303,https://tw.stock.yahoo.com/news/%E5%8D%8A%E5%B0%8E%E9%AB%94-%E8%81%AF%E9%9B%BBesg%E6%8C%BA%E5%85%AC%E7%9B%8A-%E8%A3%9D%E6%A9%9F%E6%9C%A8%E7%AE%B1%E8%AE%8A%E8%BA%AB%E5%86%8D%E7%94%9F%E5%AE%B6%E5%85%B7-014143192.html,Yahoo奇摩股市,《半導體》聯電ESG挺公益 裝機木箱變身再生家具 - Yahoo奇摩股市,0,1
2023-03-13 01:14:45,2303,https://tw.stock.yahoo.com/news/%E4%B8%8A%E6%AB%83%E9%9B%BB%E5%AD%90%E5%85%AC%E5%8F%B81-2%E6%9C%88%E7%B4%AF%E8%A8%88%E7%87%9F%E6%94%B6%E6%88%90%E9%95%B7%E7%8E%87%E5%89%8D20%E5%90%8D2-2-%E7%A5%9E%E6%BA%96-%E5%8F%B0%E8%81%AF%E9%9B%BB-010541808.html,Yahoo奇摩股市,《上櫃電子公司1-2月累計營收成長率前20名2-2》神準、台聯電 - Yahoo奇摩股市,0,1
2023-03-13 07:00:00,2303,https://tw.stock.yahoo.com/news/%E5%8F%B0%E5%8C%97%E8%82%A1%E5%B8%82-%E4%B8%89%E5%A4%A7%E6%B3%95%E4%BA%BA13%E6%97%A5%E8%B2%B7%E8%B6%85%E8%82%A1-%E8%81%AF%E9%9B%BB-%E5%A4%A7%E6%88%90%E9%8B%BC-%E4%B8%AD%E9%8B%BC-234050458.html,Yahoo奇摩股市,《台北股市》三大法人13日買超股：聯電、大成鋼、中鋼 - Yahoo奇摩股市,0,1
2023-03-13 07:00:00,2303,https://tw.stock.yahoo.com/news/%E5%8F%B0%E5%8C%97%E8%82%A1%E5%B8%82-%E5%A4%96%E8%B3%8713%E6%97%A5%E8%B2%B7%E8%B6%85%E5%89%8D%E5%8D%81%E5%A4%A7-%E6%9C%80%E6%84%9B%E8%81%AF%E9%9B%BB-082920014.html,Yahoo奇摩股市,《台北股市》外資13日買超前十大 最愛聯電 - Yahoo奇摩股市,0,1
2023-03-15 23:41:08,2303,https://tw.stock.yahoo.com/news/%E8%81%AF%E9%9B%BBadr15%E6%97%A5%E4%B8%8B%E8%B7%8C0-11%E7%BE%8E%E5%85%83%E8%B7%8C%E5%B9%851-30-%E6%8A%98%E5%8F%B0%E8%82%A150-91%E5%85%83-234108725.html,Yahoo奇摩股市,聯電ADR15日下跌0.11美元跌幅1.30%折台股50.91元 - Yahoo奇摩股市,0,1
2023-03-16 07:00:00,2303,https://tw.stock.yahoo.com/news/%E4%B8%AD%E7%BE%8E%E6%99%B6%E7%89%87%E6%88%B0%E4%BA%A4%E9%8B%92-%E5%A4%A7%E5%92%8C%E8%B3%87%E6%9C%AC-%E8%81%AF%E9%9B%BB%E6%88%90%E6%9C%80%E5%A4%A7%E8%B4%8F%E5%AE%B6-153745954.html,Yahoo奇摩股市,中美晶片戰交鋒 大和資本：聯電成最大贏家 - Yahoo奇摩股市,0,1
2023-03-16 07:00:00,2303,https://tw.stock.yahoo.com/news/%E5%8D%8A%E5%B0%8E%E9%AB%94-%E8%81%AF%E9%9B%BB%E6%96%A5%E8%B3%8718%E5%84%84%E5%85%83-%E5%BE%AA%E7%92%B0%E7%B6%93%E6%BF%9F%E8%B3%87%E6%BA%90%E5%89%B5%E7%94%9F%E4%B8%AD%E5%BF%83%E5%8B%95%E5%9C%9F-063630015.html,Yahoo奇摩股市,《半導體》聯電斥資18億元 循環經濟資源創生中心動土 - Yahoo奇摩股市,0,1
2023-03-16 07:00:00,2303,https://tw.stock.yahoo.com/news/%E5%8F%B0%E5%8C%97%E8%82%A1%E5%B8%82-%E5%A4%96%E8%B3%8716%E6%97%A5%E8%B2%B7%E8%B6%85%E8%82%A1-%E8%81%AF%E9%9B%BB-%E8%8B%B1%E6%A5%AD%E9%81%94-%E4%BB%81%E5%AF%B6-233832848.html,Yahoo奇摩股市,《台北股市》外資16日買超股：聯電、英業達、仁寶 - Yahoo奇摩股市,0,1
2023-03-17 07:00:00,2303,https://tw.stock.yahoo.com/news/%E5%8F%B0%E5%8C%97%E8%82%A1%E5%B8%82-%E5%A4%96%E8%B3%8717%E6%97%A5%E8%B2%B7%E8%B6%85%E5%89%8D%E5%8D%81%E5%A4%A7-%E9%9B%BB%E5%AD%90%E5%85%A8%E5%8C%85-%E8%81%AF%E9%9B%BB3-8%E8%90%AC%E5%BC%B5%E5%A5%AA%E5%86%A0-082133617.html,Yahoo奇摩股市,《台北股市》外資17日買超前十大 電子全包、聯電3.8萬張奪冠 - Yahoo奇摩股市,0,1
2023-03-20 07:00:00,2303,https://tw.stock.yahoo.com/news/%E5%A4%96%E8%B3%87%E6%8C%89%E8%AE%9A%E8%81%AF%E9%9B%BB-%E5%8F%88-%E5%AE%B6%E5%8D%87%E8%A9%95-201000344.html,Yahoo奇摩股市,外資按讚聯電 又一家升評 - Yahoo奇摩股市,0,1
2023-03-21 07:00:00,2303,https://tw.stock.yahoo.com/news/%E8%81%AF%E9%9B%BB%E6%96%B0%E5%8A%A0%E5%9D%A1%E6%93%B4%E5%BB%A0-%E4%BA%9E%E7%BF%94%E5%86%8D%E6%8E%A582-59%E5%84%84%E5%85%83%E5%A4%A7%E5%96%AE-113016235.html,Yahoo奇摩股市,聯電新加坡擴廠 亞翔再接82.59億元大單 - Yahoo奇摩股市,0,1
2023-03-22 07:00:00,2303,https://tw.stock.yahoo.com/news/%E5%8F%B0%E5%8C%97%E8%82%A1%E5%B8%82-%E5%A4%96%E8%B3%8722%E6%97%A5%E8%B2%B7%E8%B6%85%E8%82%A1-%E5%8F%B0%E7%A9%8D%E9%9B%BB-%E8%81%AF%E9%9B%BB-%E7%B7%AF%E5%89%B5-010928694.html,Yahoo奇摩股市,《台北股市》外資22日買超股：台積電、聯電、緯創 - Yahoo奇摩股市,0,1
2023-03-23 23:50:18,2303,https://tw.stock.yahoo.com/news/%E5%8F%B0%E5%8C%97%E8%82%A1%E5%B8%82-%E6%8A%95%E4%BF%A123%E6%97%A5%E8%B2%B7%E8%B6%85%E8%82%A1-%E6%AC%A3%E8%88%88-%E6%96%B0%E5%85%89%E9%8B%BC-%E8%81%AF%E9%9B%BB-235018352.html,Yahoo奇摩股市,《台北股市》投信23日買超股：欣興、新光鋼、聯電 - Yahoo奇摩股市,0,1
2023-03-24 00:54:09,2303,https://tw.stock.yahoo.com/news/%E8%81%AF%E9%9B%BBadr23%E6%97%A5%E4%B8%8A%E6%BC%B20-12%E7%BE%8E%E5%85%83%E6%BC%B2%E5%B9%851-38-%E6%8A%98%E5%8F%B0%E8%82%A153-45%E5%85%83-004059022.html,Yahoo奇摩股市,聯電ADR23日上漲0.12美元漲幅1.38%折台股53.45元 - Yahoo奇摩股市,0,1
2023-03-24 07:00:00,2303,https://tw.stock.yahoo.com/news/%E5%8F%B0%E5%8C%97%E8%82%A1%E5%B8%82-%E4%B8%89%E5%A4%A7%E6%B3%95%E4%BA%BA24%E6%97%A5%E8%B3%A3%E8%B6%85%E8%82%A1-%E4%B8%AD%E4%BF%A1%E9%87%91-%E5%9C%8B%E7%A5%A8%E9%87%91-%E8%81%AF%E9%9B%BB-234916798.html,Yahoo奇摩股市,《台北股市》三大法人24日賣超股：中信金、國票金、聯電 - Yahoo奇摩股市,0,1
2023-03-26 07:00:00,2303,https://tw.stock.yahoo.com/news/%E4%B8%AD%E5%9C%8B%E5%8D%8A%E5%B0%8E%E9%AB%94%E5%BB%A0%E5%82%B3%E4%BE%86%E5%8F%B0%E6%8C%96%E8%A7%92-%E8%81%AF%E9%9B%BB-%E6%B5%81%E5%8B%95%E7%8E%87%E7%84%A1%E7%95%B0%E5%B8%B8-032201268.html,Yahoo奇摩股市,中國半導體廠傳來台挖角 聯電：流動率無異常 - Yahoo奇摩股市,0,1
2023-03-29 07:00:00,2303,https://tw.stock.yahoo.com/news/%E5%85%AC%E5%91%8A-%E8%81%AF%E9%9B%BB%E4%BB%A5%E7%A7%9F%E5%9C%B0%E5%A7%94%E5%BB%BA%E6%96%B9%E5%BC%8F%E8%88%88%E5%BB%BAfab-12i-p3%E5%BB%A0%E6%88%BF-064906389.html,Yahoo奇摩股市,【公告】聯電以租地委建方式興建Fab 12i P3廠房 - Yahoo奇摩股市,0,1
2023-03-29 07:00:00,2303,https://tw.stock.yahoo.com/news/%E5%8F%B0%E5%8C%97%E8%82%A1%E5%B8%82-%E5%A4%96%E8%B3%8729%E6%97%A5%E8%B3%A3%E8%B6%85%E8%82%A1-%E8%81%AF%E9%9B%BB-%E9%99%BD%E6%98%8E-%E5%8A%9B%E7%A9%8D%E9%9B%BB-234707643.html,Yahoo奇摩股市,《台北股市》外資29日賣超股：聯電、陽明、力積電 - Yahoo奇摩股市,0,1
2023-03-30 07:00:00,2303,https://tw.stock.yahoo.com/news/%E5%85%B6%E4%BB%96%E9%9B%BB%E5%AD%90-%E8%81%AF%E9%9B%BB%E6%96%B0%E5%BB%A0%E8%A8%82%E5%96%AE%E9%80%B2%E8%A3%9C-%E4%BA%9E%E7%BF%94%E6%94%BB%E9%80%BE15%E5%B9%B4%E5%8D%8A%E9%AB%98%E5%83%B9-034932676.html,Yahoo奇摩股市,《其他電子》聯電新廠訂單進補 亞翔攻逾15年半高價 - Yahoo奇摩股市,0,1
2023-03-30 09:51:05,2303,https://tw.stock.yahoo.com/news/%E5%A4%96%E8%B3%87%E8%B2%B7%E8%B6%85%E9%80%BE%E7%99%BE%E5%84%84%E5%8A%A0%E7%A2%BC%E8%81%AF%E9%9B%BB%E5%8F%B0%E7%A9%8D%E9%9B%BB-%E8%AA%BF%E7%AF%80%E9%9D%A2%E6%9D%BF%E9%9B%99%E8%99%8E-095105796.html,Yahoo奇摩股市,外資買超逾百億加碼聯電台積電 調節面板雙虎 - Yahoo奇摩股市,0,1
2023-04-01 07:00:00,2303,https://tw.stock.yahoo.com/news/%E8%81%AF%E9%9B%BB-h2%E7%87%9F%E9%81%8B%E6%8B%9A%E5%9B%9E%E6%BA%AB-201000504.html,Yahoo奇摩股市,聯電 H2營運拚回溫 - Yahoo奇摩股市,0,1
2023-04-05 07:00:00,2303,https://tw.stock.yahoo.com/news/%E5%8F%B0%E5%8C%97%E8%82%A1%E5%B8%82-%E4%B8%89%E5%A4%A7%E6%B3%95%E4%BA%BA3%E6%9C%8831%E6%97%A5%E8%B2%B7%E8%B6%85%E8%82%A1-%E8%8F%AF%E9%82%A6%E9%9B%BB-%E8%81%AF%E9%9B%BB-%E7%8E%89%E5%B1%B1%E9%87%91-233549688.html,Yahoo奇摩股市,《台北股市》三大法人3月31日買超股：華邦電、聯電、玉山金 - Yahoo奇摩股市,0,1
2023-04-07 07:00:00,2303,https://tw.stock.yahoo.com/news/%E5%8F%B0%E5%8C%97%E8%82%A1%E5%B8%82-%E4%B8%89%E5%A4%A7%E6%B3%95%E4%BA%BA07%E6%97%A5%E8%B3%A3%E8%B6%85%E8%82%A1-%E8%81%AF%E9%9B%BB-%E8%8B%B1%E6%A5%AD%E9%81%94-%E5%8F%B0%E8%88%B9-013627397.html,Yahoo奇摩股市,《台北股市》三大法人07日賣超股：聯電、英業達、台船 - Yahoo奇摩股市,0,1
2023-04-10 07:00:00,2303,https://tw.stock.yahoo.com/news/%E5%8F%B0%E5%8C%97%E8%82%A1%E5%B8%82-%E6%8A%95%E4%BF%A110%E6%97%A5%E8%B3%A3%E8%B6%85%E8%82%A1-%E8%81%AF%E9%9B%BB-%E4%B8%AD%E9%B4%BB-%E4%B8%8A%E7%B7%AF%E6%8A%95%E6%8E%A7-235507017.html,Yahoo奇摩股市,《台北股市》投信10日賣超股：聯電、中鴻、上緯投控 - Yahoo奇摩股市,0,1
2023-04-10 07:00:00,2303,https://tw.stock.yahoo.com/news/%E8%81%AF%E9%9B%BB3%E6%9C%88%E7%87%9F%E6%94%B6%E6%AD%A2%E8%B7%8C%E5%9B%9E%E5%8D%87-%E7%AC%AC1%E5%AD%A3%E6%B8%9B2%E6%88%90-081409212.html,Yahoo奇摩股市,聯電3月營收止跌回升 第1季減2成 - Yahoo奇摩股市,0,1
2023-04-10 07:00:00,2303,https://tw.stock.yahoo.com/news/%E8%81%AF%E9%9B%BB3%E6%9C%88%E7%87%9F%E6%94%B6%E6%AD%A2%E8%B7%8C-%E9%A6%96%E5%AD%A3%E7%87%9F%E6%94%B6542%E5%84%84%E5%85%83%E5%B9%B4%E6%B8%9B%E7%B4%842%E6%88%90%E4%B8%8D%E5%A6%82%E9%A0%90%E6%9C%9F-092544385.html,Yahoo奇摩股市,聯電3月營收止跌 首季營收542億元年減約2成不如預期 - Yahoo奇摩股市,0,1
2023-04-10 07:00:00,2303,https://tw.stock.yahoo.com/news/%E5%8D%8A%E5%B0%8E%E9%AB%94-%E8%81%AF%E9%9B%BB3%E6%9C%88%E7%87%9F%E6%94%B6%E6%9C%88%E5%A2%9E4-88-q1%E5%AD%A3%E6%B8%9B2%E6%88%90%E7%95%A5%E4%BD%8E%E6%96%BC%E9%A0%90%E6%9C%9F-072831149.html,Yahoo奇摩股市,《半導體》聯電3月營收月增4.88% Q1季減2成略低於預期 - Yahoo奇摩股市,0,1
2023-04-12 07:00:00,2303,https://tw.stock.yahoo.com/news/%E5%85%AC%E5%91%8A-%E8%81%AF%E9%9B%BB%E5%8F%AC%E9%96%8B2023%E5%B9%B4%E7%AC%AC-%E5%AD%A3%E6%B3%95%E4%BA%BA%E8%AA%AA%E6%98%8E%E6%9C%83-070142007.html,Yahoo奇摩股市,【公告】聯電召開2023年第一季法人說明會 - Yahoo奇摩股市,0,1
2023-04-12 23:33:52,2303,https://tw.stock.yahoo.com/news/%E5%8F%B0%E5%8C%97%E8%82%A1%E5%B8%82-%E6%8A%95%E4%BF%A112%E6%97%A5%E8%B3%A3%E8%B6%85%E8%82%A1-%E8%8F%AF%E9%80%9A-%E8%81%AF%E9%9B%BB-%E6%85%A7%E6%B4%8B-233352691.html,Yahoo奇摩股市,《台北股市》投信12日賣超股：華通、聯電、慧洋-KY - Yahoo奇摩股市,0,1
2023-04-22 03:33:16,2303,https://tw.stock.yahoo.com/news/%E5%8D%8A%E5%B0%8E%E9%AB%94-%E8%81%AF%E9%9B%BB%E7%AC%AC8%E5%B1%86%E7%B6%A0%E7%8D%8E%E5%BE%B5%E4%BB%B6-%E5%9C%B0%E7%90%83%E6%97%A5%E6%AD%A3%E5%BC%8F%E8%B5%B7%E8%B7%91-032905347.html,Yahoo奇摩股市,《半導體》聯電第8屆綠獎徵件 地球日正式起跑 - Yahoo奇摩股市,0,1
2023-04-22 07:00:00,2303,https://tw.stock.yahoo.com/news/%E5%8F%B0%E5%8C%97%E8%82%A1%E5%B8%82-q1%E7%B6%93%E6%BF%9F%E6%88%90%E9%95%B7%E7%8E%87%E6%8E%80%E7%89%8C-%E8%81%AF%E9%9B%BB-%E8%81%AF%E7%99%BC%E7%A7%91%E6%B3%95%E8%AA%AA%E6%9C%83%E8%81%9A%E7%84%A6-061632893.html,Yahoo奇摩股市,《台北股市》Q1經濟成長率掀牌 聯電、聯發科法說會聚焦 - Yahoo奇摩股市,0,1
2023-04-26 07:00:00,2303,https://tw.stock.yahoo.com/news/%E8%81%AF%E9%9B%BB%E9%A6%96%E5%AD%A3%E6%AF%8F%E8%82%A1%E7%B4%94%E7%9B%8A1-31%E5%85%83-%E7%AC%AC2%E5%AD%A3%E5%87%BA%E8%B2%A8%E9%87%8F%E4%BC%B0%E6%8C%81%E5%B9%B3-102843625.html,Yahoo奇摩股市,聯電首季每股純益1.31元 第2季出貨量估持平 - Yahoo奇摩股市,0,1
2023-04-26 09:27:39,2303,https://tw.stock.yahoo.com/news/%E5%8D%8A%E5%B0%8E%E9%AB%94-%E8%81%AF%E9%9B%BBq2%E7%87%9F%E9%81%8B%E4%BC%B0%E6%8C%81%E5%B9%B3-%E4%BB%8A%E5%B9%B4%E8%B3%87%E6%9C%AC%E6%94%AF%E5%87%BA%E4%B8%8D%E8%AE%8A-092739380.html,Yahoo奇摩股市,《半導體》聯電Q2營運估持平 今年資本支出不變 - Yahoo奇摩股市,0,1
2023-04-26 11:54:23,2303,https://tw.stock.yahoo.com/news/%E8%81%AF%E9%9B%BB-%E7%87%9F%E9%81%8B%E9%A6%96%E5%AD%A3%E8%90%BD%E5%BA%95-%E4%BD%86%E6%9C%AA%E8%A6%8B%E5%BC%B7%E5%8B%81%E5%BE%A9%E7%94%A6%E8%B7%A1%E8%B1%A1-115423325.html,Yahoo奇摩股市,聯電：營運首季落底 但未見強勁復甦跡象 - Yahoo奇摩股市,0,1
2023-04-27 07:00:00,2303,https://tw.stock.yahoo.com/news/%E5%8D%8A%E5%B0%8E%E9%AB%94-%E8%81%AF%E9%9B%BB%E9%80%A39%E5%B9%B4%E7%8D%B2%E5%85%AC%E5%8F%B8%E6%B2%BB%E7%90%86%E8%A9%95%E9%91%91%E5%89%8D5-062645260.html,Yahoo奇摩股市,《半導體》聯電連9年獲公司治理評鑑前5% - Yahoo奇摩股市,0,1
2023-04-27 23:45:49,2303,https://tw.stock.yahoo.com/news/%E5%8F%B0%E5%8C%97%E8%82%A1%E5%B8%82-%E5%A4%96%E8%B3%8727%E6%97%A5%E8%B3%A3%E8%B6%85%E8%82%A1-%E9%96%8B%E7%99%BC%E9%87%91-%E4%B8%AD%E9%8B%BC-%E8%81%AF%E9%9B%BB-234549557.html,Yahoo奇摩股市,《台北股市》外資27日賣超股：開發金、中鋼、聯電 - Yahoo奇摩股市,0,1
2023-05-01 07:00:00,2303,https://tw.stock.yahoo.com/news/%E5%A4%96%E8%B3%87%E7%9C%8B%E8%81%AF%E9%9B%BB%E6%B3%95%E8%AA%AA-%E5%A4%9A%E7%A9%BA%E9%A7%81%E7%81%AB-201000813.html,Yahoo奇摩股市,外資看聯電法說 多空駁火 - Yahoo奇摩股市,0,1
2023-05-02 07:00:00,2303,https://tw.stock.yahoo.com/news/%E7%86%B1%E9%96%80%E6%97%8F%E7%BE%A4-%E6%B3%95%E4%BA%BA%E9%9D%92%E7%9D%9E-%E8%81%AF%E9%9B%BB-%E5%8F%B0%E5%85%89%E9%9B%BB%E6%AC%8A%E8%AD%89%E7%86%B1-003047191.html,Yahoo奇摩股市,《熱門族群》法人青睞 聯電、台光電權證熱 - Yahoo奇摩股市,0,1
2023-05-05 07:00:00,2303,https://tw.stock.yahoo.com/news/%E8%81%AF%E9%9B%BB4%E6%9C%88%E7%87%9F%E6%94%B6184%E5%84%84%E5%85%83-%E9%80%A3%E5%85%A9%E5%80%8B%E6%9C%88%E6%AD%A3%E6%88%90%E9%95%B7-094732100.html,Yahoo奇摩股市,聯電／聯電4月營收184億元連兩個月正成長 - Yahoo奇摩股市,0,1
2023-05-05 07:29:30,2303,https://tw.stock.yahoo.com/news/%E5%8D%8A%E5%B0%8E%E9%AB%94-%E8%81%AF%E9%9B%BB4%E6%9C%88%E7%87%9F%E6%94%B6%E7%BA%8C%E5%9B%9E%E5%8D%87-q2%E6%8B%9A%E6%8C%81%E7%A9%A9-072930795.html,Yahoo奇摩股市,《半導體》聯電4月營收續回升 Q2拚持穩 - Yahoo奇摩股市,0,1
2023-05-05 10:38:18,2303,https://tw.stock.yahoo.com/news/%E8%81%AF%E9%9B%BB4%E6%9C%88%E7%87%9F%E6%94%B6%E5%9B%9E%E6%BA%AB-%E6%9C%88%E5%A2%9E4-37-%E5%AF%AB%E4%B8%89%E5%80%8B%E6%9C%88%E9%AB%98%E9%BB%9E-103818275.html,Yahoo奇摩股市,聯電4月營收回溫、月增4.37% 寫三個月高點 - Yahoo奇摩股市,0,1
2023-05-09 07:00:00,2303,https://tw.stock.yahoo.com/news/%E8%B2%A1%E5%8B%99%E9%95%B7%E7%AD%896%E5%90%8D%E4%B8%BB%E7%AE%A1%E5%85%B1%E7%94%B3%E8%AE%932600%E5%BC%B5%E6%8C%81%E8%82%A1-%E8%81%AF%E9%9B%BB-%E7%B9%B3%E7%A8%85-111628013.html,Yahoo奇摩股市,財務長等6名主管共申讓2600張持股 聯電：繳稅 - Yahoo奇摩股市,0,1
2023-05-09 07:00:00,2303,https://tw.stock.yahoo.com/news/00878%E6%93%A0%E4%B8%8B%E5%8F%B0%E7%A9%8D%E9%9B%BB%E3%80%81%E8%81%AF%E9%9B%BB-%E6%88%90%E3%80%8C%E5%AE%B6%E4%B8%AD%E8%B2%A1%E5%8B%99%E9%95%B7%E3%80%8D%E6%9C%80%E6%84%9B%E6%8A%95%E8%B3%87%E6%A8%99%E7%9A%84-061915537.html,Yahoo奇摩股市,00878擠下台積電、聯電 成「家中財務長」最愛投資標的 - Yahoo奇摩股市,0,1
2023-05-09 11:52:28,2303,https://tw.stock.yahoo.com/news/%E5%9B%A0%E6%87%89%E5%A0%B1%E7%A8%85%E5%AD%A3%E7%B9%B3%E7%A8%85-%E8%81%AF%E9%9B%BB6%E5%90%8D%E9%AB%98%E9%9A%8E%E4%B8%BB%E7%AE%A1%E7%94%B3%E8%AE%932600%E5%BC%B5%E6%8C%81%E8%82%A1-115228235.html,Yahoo奇摩股市,因應報稅季繳稅 聯電6名高階主管申讓2600張持股 - Yahoo奇摩股市,0,1
2023-05-10 04:30:31,2303,https://tw.stock.yahoo.com/news/40%E6%AD%B2%E8%87%B354%E6%AD%B2%E5%A5%B3%E6%80%A7%E9%A6%96%E5%AD%A3%E6%8C%81%E8%82%A1%E5%89%8D3%E5%90%8D-etf%E6%93%A0%E4%B8%8B%E8%81%AF%E9%9B%BB-042153930.html,Yahoo奇摩股市,40歲至54歲女性首季持股前3名 ETF擠下聯電 - Yahoo奇摩股市,0,1
2023-05-10 07:00:00,2303,https://tw.stock.yahoo.com/news/%E8%81%AF%E9%9B%BB%E6%94%9C%E6%89%8Bdesno%E6%8B%93%E5%B1%95%E8%BB%8A%E7%94%A8%E5%B8%82%E5%A0%B4-igbt%E9%87%8F%E7%94%A2%E5%87%BA%E8%B2%A8-080459112.html,Yahoo奇摩股市,聯電攜手DESNO拓展車用市場 IGBT量產出貨 - Yahoo奇摩股市,0,1
2023-05-10 07:30:17,2303,https://tw.stock.yahoo.com/news/%E6%97%A5%E6%9C%ACdenso%E8%88%87%E8%81%AF%E9%9B%BB%E5%AD%90%E5%85%AC%E5%8F%B8usjc%E5%85%B1%E5%90%8C%E5%AE%A3%E4%BD%88-%E8%BB%8A%E7%94%A8igbt%E9%87%8F%E7%94%A2%E5%87%BA%E8%B2%A8-073017574.html,Yahoo奇摩股市,日本DENSO與聯電子公司USJC共同宣佈，車用IGBT量產出貨 - Yahoo奇摩股市,0,1
2023-05-18 07:00:00,2303,https://tw.stock.yahoo.com/news/%E5%8F%B0%E5%8C%97%E8%82%A1%E5%B8%82-%E6%8A%95%E4%BF%A118%E6%97%A5%E8%B3%A3%E8%B6%85%E8%82%A1-%E5%BB%A3%E9%81%94-%E5%8F%B0%E7%A9%8D%E9%9B%BB-%E8%81%AF%E9%9B%BB-235253380.html,Yahoo奇摩股市,《台北股市》投信18日賣超股：廣達、台積電、聯電 - Yahoo奇摩股市,0,1
2023-05-22 07:00:00,2303,https://tw.stock.yahoo.com/news/%E8%81%AF%E9%9B%BB%E4%B8%BB%E7%AE%A1%E9%85%AC%E9%87%91-%E5%8D%A0%E7%A8%85%E5%BE%8C%E7%B4%94%E7%9B%8A2-7-201000556.html,Yahoo奇摩股市,聯電主管酬金 占稅後純益2.7％ - Yahoo奇摩股市,0,1
2023-05-22 07:00:00,2303,https://tw.stock.yahoo.com/news/%E5%8F%B0%E5%8C%97%E8%82%A1%E5%B8%82-%E6%8A%95%E4%BF%A122%E6%97%A5%E8%B3%A3%E8%B6%85%E5%89%8D%E5%8D%81%E5%A4%A7-%E7%8D%B5%E6%AE%BA%E8%81%AF%E9%9B%BB-%E6%A6%9C%E9%A6%96%E9%80%A3%E7%A0%8D8%E5%88%80-083527893.html,Yahoo奇摩股市,《台北股市》投信22日賣超前十大 獵殺聯電 榜首連砍8刀 - Yahoo奇摩股市,0,1
2023-05-22 07:00:00,2303,https://tw.stock.yahoo.com/news/%E8%81%AF%E9%9B%BB%E5%8E%BB%E5%B9%B4%E7%8D%B2%E5%88%A9%E5%89%B5%E9%AB%98-5%E5%90%8D%E4%B8%BB%E7%AE%A1%E9%85%AC%E9%87%91%E9%80%BE1%E5%84%84%E5%85%83-094342882.html,Yahoo奇摩股市,聯電去年獲利創高 5名主管酬金逾1億元 - Yahoo奇摩股市,0,1
2023-05-22 23:40:42,2303,https://tw.stock.yahoo.com/news/%E5%8F%B0%E5%8C%97%E8%82%A1%E5%B8%82-%E6%8A%95%E4%BF%A122%E6%97%A5%E8%B3%A3%E8%B6%85%E8%82%A1-%E8%81%AF%E9%9B%BB-%E4%BB%81%E5%AF%B6-%E8%8B%B1%E6%A5%AD%E9%81%94-234042158.html,Yahoo奇摩股市,《台北股市》投信22日賣超股：聯電、仁寶、英業達 - Yahoo奇摩股市,0,1
2023-05-24 02:11:36,2303,https://tw.stock.yahoo.com/news/%E5%8F%B0%E5%8C%97%E8%82%A1%E5%B8%82-%E7%9B%A4%E4%B8%AD%E7%84%A6%E9%BB%9E%E8%82%A1-%E7%B7%AF%E5%89%B5-%E9%B3%B3%E5%87%B0-%E5%9C%93%E8%A3%95-020023599.html,Yahoo奇摩股市,《台北股市》盤中焦點股：緯創、鳳凰、圓裕、碩天、M31、亞航、聯電 - Yahoo奇摩股市,0,1
2023-05-25 07:00:00,2303,https://tw.stock.yahoo.com/news/%E5%A4%96%E8%B3%87%E5%A4%A7%E8%88%89%E6%95%B2%E9%80%B2%E5%8F%B0%E7%A9%8D%E9%9B%BB4-2%E8%90%AC%E5%BC%B5-%E9%80%A3%E5%9B%9B%E8%B3%A3%E8%81%AF%E9%9B%BB%E9%80%BE6%E8%90%AC%E5%BC%B5-115947495.html,Yahoo奇摩股市,外資大舉敲進台積電4.2萬張 連四賣聯電逾6萬張 - Yahoo奇摩股市,0,1
2023-05-26 07:00:00,2303,https://tw.stock.yahoo.com/news/%E5%8F%B0%E5%8C%97%E8%82%A1%E5%B8%82-%E6%8A%95%E4%BF%A126%E6%97%A5%E8%B3%A3%E8%B6%85%E5%89%8D%E5%8D%81%E5%A4%A7-%E8%81%AF%E9%9B%BB%E5%B1%85%E9%A6%96-%E5%94%AF-%E7%99%BE%E5%85%83%E8%82%A15%E6%97%A5%E8%B3%A31-082537927.html,Yahoo奇摩股市,《台北股市》投信26日賣超前十大 聯電居首、唯一百元股5日賣1.5萬張 - Yahoo奇摩股市,0,1
2023-05-28 07:00:00,2303,https://tw.stock.yahoo.com/news/%E5%A4%96%E8%B3%87%E4%B8%8A%E5%91%A8%E5%9B%9E%E8%A3%9C%E5%8F%B0%E7%A9%8D%E9%9B%BB1230%E8%90%AC%E5%BC%B5%E6%9C%80%E5%A4%9A-%E8%81%AF%E9%9B%BB%E9%81%AD%E7%A0%8D414%E8%90%AC%E5%BC%B5-065146189.html,Yahoo奇摩股市,外資上周回補台積電12.30萬張最多 聯電遭砍4.14萬張 - Yahoo奇摩股市,0,1
2023-05-30 07:00:00,2303,https://tw.stock.yahoo.com/news/%E6%B4%AA%E5%98%89%E8%81%B0-%E5%9B%A0%E6%87%89%E5%9C%B0%E7%B7%A3%E6%94%BF%E6%B2%BB-%E8%81%AF%E9%9B%BB%E5%B7%B2%E6%8F%90%E6%97%A9%E5%88%86%E6%95%A3%E8%A8%AD%E5%BB%A0%E5%B8%83%E5%B1%80-040251416.html,Yahoo奇摩股市,洪嘉聰：因應地緣政治 聯電已提早分散設廠布局 - Yahoo奇摩股市,0,1
2023-05-31 03:17:26,2303,https://tw.stock.yahoo.com/news/%E8%81%AF%E9%9B%BB-%E5%BA%AB%E5%AD%98%E8%AA%BF%E6%95%B4%E6%AF%94%E9%A0%90%E6%9C%9F%E6%85%A2-%E4%B8%8B%E5%8D%8A%E5%B9%B4%E9%9C%80%E6%B1%82%E6%B2%92%E6%9C%89%E8%AE%8A%E5%A5%BD-030847893.html,Yahoo奇摩股市,聯電：庫存調整比預期慢 下半年需求沒有變好 - Yahoo奇摩股市,0,1
2023-05-31 03:56:55,2303,https://tw.stock.yahoo.com/news/%E5%8D%8A%E5%B0%8E%E9%AB%94-%E8%81%AF%E9%9B%BB%E6%B1%BA%E9%85%8D%E6%81%AF3-6%E5%85%83-%E7%9C%8B%E5%A5%BD%E7%94%A2%E6%A5%AD%E4%B8%AD%E9%95%B7%E6%9C%9F%E6%88%90%E9%95%B7-034403815.html,Yahoo奇摩股市,《半導體》聯電決配息3.6元 看好產業中長期成長 - Yahoo奇摩股市,0,1
2023-05-31 05:19:37,2303,https://tw.stock.yahoo.com/news/%E5%8D%8A%E5%B0%8E%E9%AB%94-%E8%81%AF%E9%9B%BB-h2%E6%9C%AA%E8%A6%8B%E6%98%8E%E9%A1%AF%E5%BE%A9%E7%94%A6-%E6%8C%81%E7%9B%88%E4%BF%9D%E6%B3%B0%E7%B6%AD%E6%8C%81%E7%8D%B2%E5%88%A9-041758998.html,Yahoo奇摩股市,《半導體》聯電：H2未見明顯復甦 持盈保泰維持獲利 - Yahoo奇摩股市,0,1
2023-05-31 07:00:00,2303,https://tw.stock.yahoo.com/news/%E5%85%AC%E5%91%8A-%E8%81%AF%E9%9B%BB112%E5%B9%B4%E8%82%A1%E6%9D%B1%E5%B8%B8%E6%9C%83%E9%87%8D%E8%A6%81%E6%B1%BA%E8%AD%B0%E4%BA%8B%E9%A0%85-085907430.html,Yahoo奇摩股市,【公告】聯電112年股東常會重要決議事項 - Yahoo奇摩股市,0,1
2023-05-31 07:00:00,2303,https://tw.stock.yahoo.com/news/%E5%8D%8A%E5%B0%8E%E9%AB%94-%E8%81%AF%E9%9B%BB50%E9%97%9C%E8%AD%A6%E5%A0%B1%E9%9F%BF-%E6%B3%95%E4%BA%BA%E4%BC%B0h2%E7%87%9F%E9%81%8B%E6%BA%AB%E5%92%8C%E5%BE%A9%E7%94%A6-033626268.html,Yahoo奇摩股市,《半導體》聯電50關警報響 法人估H2營運溫和復甦 - Yahoo奇摩股市,0,1
2023-06-01 07:00:00,2303,https://tw.stock.yahoo.com/news/%E5%8D%97%E7%A7%91%E9%9B%BB%E5%8A%9B%E5%A3%93%E9%99%8D-%E8%81%AF%E9%9B%BB%E6%9B%9D%E6%99%B6%E5%9C%93%E5%A0%B1%E5%BB%A2%E7%8B%80%E6%B3%81-%E5%8F%B0%E7%A9%8D%E9%9B%BB%E4%B9%9F%E5%9B%9E%E6%87%89%E4%BA%86-142834246.html,Yahoo奇摩股市,南科電力壓降！聯電曝晶圓報廢狀況 台積電也回應了 - Yahoo奇摩股市,0,1
2023-06-01 07:00:00,2303,https://tw.stock.yahoo.com/news/%E5%8D%97%E7%A7%91%E7%99%BC%E7%94%9F%E5%A3%93%E9%99%8D-%E8%81%AF%E9%9B%BB-%E9%83%A8%E5%88%86%E6%99%B6%E5%9C%93%E5%A0%B1%E5%BB%A2-%E6%A9%9F%E5%8F%B0%E9%87%8D%E9%96%8B%E6%A9%9F-110816923.html,Yahoo奇摩股市,南科發生壓降 聯電：部分晶圓報廢、機台重開機 - Yahoo奇摩股市,0,1
2023-06-06 07:00:00,2303,https://tw.stock.yahoo.com/news/%E8%81%AF%E9%9B%BB5%E6%9C%88%E7%87%9F%E6%94%B6187-78%E5%84%84%E5%85%83-%E9%80%A33%E5%8D%87%E5%89%B5%E4%BB%8A%E5%B9%B4%E6%AC%A1%E9%AB%98-123030548.html,Yahoo奇摩股市,聯電5月營收187.78億元 連3升創今年次高 - Yahoo奇摩股市,0,1
2023-06-06 07:00:00,2303,https://tw.stock.yahoo.com/news/%E5%8D%8A%E5%B0%8E%E9%AB%94-%E8%81%AF%E9%9B%BB5%E6%9C%88%E7%87%9F%E6%94%B6%E7%99%BB%E4%BB%8A%E5%B9%B4%E6%AC%A1%E9%AB%98-%E6%8C%81%E7%9B%88%E4%BF%9D%E6%B3%B0%E7%A9%A9%E7%8D%B2%E5%88%A9-090124270.html,Yahoo奇摩股市,《半導體》聯電5月營收登今年次高 持盈保泰穩獲利 - Yahoo奇摩股市,0,1
2023-06-06 08:41:10,2303,https://tw.stock.yahoo.com/news/%E5%85%AC%E5%91%8A-%E8%81%AF%E9%9B%BB-2023%E5%B9%B45%E6%9C%88%E5%90%88%E4%BD%B5%E7%87%9F%E6%94%B6187-78%E5%84%84%E5%85%83-%E5%B9%B4%E5%A2%9E-084110710.html,Yahoo奇摩股市,【公告】聯電 2023年5月合併營收187.78億元 年增-23.14% - Yahoo奇摩股市,0,1
2023-06-07 07:47:24,2303,https://tw.stock.yahoo.com/news/%E5%85%AC%E5%91%8A-%E8%81%AF%E9%9B%BB%E8%AA%BF%E6%95%B4%E7%8F%BE%E9%87%91%E8%82%A1%E5%88%A9%E9%85%8D%E6%81%AF%E7%8E%87-074724969.html,Yahoo奇摩股市,【公告】聯電調整現金股利配息率 - Yahoo奇摩股市,0,1
2023-06-10 07:00:00,2303,https://tw.stock.yahoo.com/news/%E5%B1%8F%E6%9D%B1%E5%9C%B0%E9%9C%87-%E5%8F%B0%E7%A9%8D%E9%9B%BB%E8%81%AF%E9%9B%BB%E7%87%9F%E9%81%8B%E4%B8%8D%E5%BD%B1%E9%9F%BF-071932942.html,Yahoo奇摩股市,屏東地震 台積電聯電營運不影響 - Yahoo奇摩股市,0,1
2023-06-12 07:00:00,2303,https://tw.stock.yahoo.com/news/%E8%81%AF%E9%9B%BB6-27%E9%99%A4%E6%81%AF-%E5%A4%A7%E8%82%A1%E6%9D%B1%E7%9F%BD%E7%B5%B1%E5%8F%AF%E6%9C%9B%E6%9C%899-6%E5%84%84%E5%85%83%E8%82%A1%E5%88%A9%E5%85%A5%E5%B8%B3-042436634.html,Yahoo奇摩股市,聯電6/27除息 大股東矽統可望有9.6億元股利入帳 - Yahoo奇摩股市,0,1
2023-06-13 07:00:00,2303,https://tw.stock.yahoo.com/news/%E8%81%AF%E9%9B%BB%E8%99%95%E5%88%865428%E5%BC%B5%E4%BA%AC%E5%85%83%E9%9B%BB%E8%82%A1%E7%A5%A8-%E7%8D%B2%E5%88%A94290%E8%90%AC%E5%85%83-103422191.html,Yahoo奇摩股市,聯電處分5428張京元電股票 獲利4290萬元 - Yahoo奇摩股市,0,1
2023-06-13 07:00:00,2303,https://tw.stock.yahoo.com/news/%E5%8D%8A%E5%B0%8E%E9%AB%94-%E8%81%AF%E9%9B%BB%E8%99%95%E5%88%86%E4%BA%AC%E5%85%83%E9%9B%BB%E6%8C%81%E8%82%A1-%E6%8C%B9%E6%B3%A8q2%E7%8D%B2%E5%88%A94290%E8%90%AC%E5%85%83-233142669.html,Yahoo奇摩股市,《半導體》聯電處分京元電持股 挹注Q2獲利4290萬元 - Yahoo奇摩股市,0,1
2023-06-13 09:40:28,2303,https://tw.stock.yahoo.com/news/%E5%85%AC%E5%91%8A-%E8%81%AF%E9%9B%BB%E8%99%95%E5%88%86%E4%BA%AC%E5%85%83%E9%9B%BB%E5%AD%90-%E8%82%A1-%E5%85%AC%E5%8F%B8%E6%99%AE%E9%80%9A%E8%82%A1%E4%B9%8B%E7%9B%B8%E9%97%9C%E8%B3%87%E6%96%99-094028125.html,Yahoo奇摩股市,【公告】聯電處分京元電子(股)公司普通股之相關資料 - Yahoo奇摩股市,0,1
2023-06-13 20:10:00,2303,https://tw.stock.yahoo.com/news/%E8%81%AF%E9%9B%BB-%E8%99%95%E5%88%86%E4%BA%AC%E5%85%83%E9%9B%BB%E6%8C%81%E8%82%A15-428%E5%BC%B5-201000661.html,Yahoo奇摩股市,"聯電 處分京元電持股5,428張 - Yahoo奇摩股市",0,1
2023-06-18 07:00:00,2303,https://tw.stock.yahoo.com/news/%E8%81%AF%E9%9B%BB%E7%A9%8D%E6%A5%B5%E5%9F%B9%E9%A4%8A%E5%8D%8A%E5%B0%8E%E9%AB%94%E4%BA%BA%E6%89%8D-%E5%BC%B7%E5%8C%96%E7%94%A2%E5%AE%98%E5%AD%B8%E7%95%8C%E5%90%88%E4%BD%9C-062717725.html,Yahoo奇摩股市,聯電積極培養半導體人才 ，強化產官學界合作 - Yahoo奇摩股市,0,1
2023-06-19 07:00:00,2303,https://tw.stock.yahoo.com/news/%E8%81%AF%E9%9B%BB6%E6%9C%88%E4%BB%A5%E4%BE%86%E5%B7%B2%E8%99%95%E5%88%86%E4%BA%AC%E5%85%83%E9%9B%BB%E9%80%BE1-1%E8%90%AC%E5%BC%B5%E6%8C%81%E8%82%A1-%E8%99%95%E5%88%86%E6%94%B6%E7%9B%8A8990%E8%90%AC%E5%85%83-110256185.html,Yahoo奇摩股市,聯電6月以來已處分京元電逾1.1萬張持股 處分收益8990萬元 - Yahoo奇摩股市,0,1
2023-06-19 07:19:38,2303,https://tw.stock.yahoo.com/news/%E5%8D%8A%E5%B0%8E%E9%AB%94-%E8%81%AF%E9%9B%BB%E7%94%A2%E5%AD%B8%E5%90%88%E4%BD%9C%E8%82%B2%E6%89%8D-%E9%96%8B%E8%A8%AD%E5%82%99%E5%9F%BA%E7%A4%8E%E5%AF%A6%E4%BD%9C%E8%AA%B2%E7%A8%8B-071938258.html,Yahoo奇摩股市,《半導體》聯電產學合作育才 開設備基礎實作課程 - Yahoo奇摩股市,0,1
2023-06-22 07:00:00,2303,https://tw.stock.yahoo.com/news/%E7%9B%A4%E5%BE%8C%E9%80%9F%E5%A0%B1-%E8%81%AF%E9%9B%BB-2303-%E4%B8%8B%E9%80%B1-6%E6%9C%8827%E6%97%A5-090530165.html,Yahoo奇摩股市,盤後速報 - 聯電(2303)下週(6月27日)除息3.6元，預估參考價50.3元 - Yahoo奇摩股市,0,1
2023-06-27 02:40:16,2303,https://tw.stock.yahoo.com/news/%E5%8D%8A%E5%B0%8E%E9%AB%94-%E5%A4%A7%E7%9B%A4%E7%96%B2%E5%BC%B1-%E8%81%AF%E9%9B%BB%E5%A1%AB%E6%81%AF%E6%AD%A5%E4%BC%90%E9%82%81%E4%B8%8D%E9%96%8B-023033319.html,Yahoo奇摩股市,《半導體》大盤疲弱 聯電填息步伐邁不開 - Yahoo奇摩股市,0,1
2023-06-27 03:06:02,2303,https://tw.stock.yahoo.com/news/%E8%81%AF%E9%9B%BB%E7%9B%A4%E4%B8%AD%E7%BF%BB%E9%BB%91%E8%B2%BC%E6%81%AF-%E6%99%B6%E5%BF%83%E7%A7%91%E8%88%87%E5%A8%81%E5%89%9B%E5%BC%B7%E5%8B%A2%E5%AE%8C%E6%88%90%E5%A1%AB%E6%81%AF-025920962.html,Yahoo奇摩股市,聯電盤中翻黑貼息 晶心科與威剛強勢完成填息 - Yahoo奇摩股市,0,1
2023-06-27 07:00:00,2303,https://tw.stock.yahoo.com/news/%E8%81%AF%E9%9B%BB%E8%B2%BC%E6%81%AF-%E5%8D%8A%E5%B0%8E%E9%AB%94%E6%99%AF%E6%B0%A3%E5%9B%9E%E5%8D%87%E7%AD%89%E6%98%8E%E5%B9%B4-201000406.html,Yahoo奇摩股市,聯電貼息 半導體景氣回升等明年 - Yahoo奇摩股市,0,1
2023-06-28 07:00:00,2303,https://tw.stock.yahoo.com/news/%E8%81%AF%E9%9B%BB%E5%9B%9E%E8%B3%BC%E8%81%AF%E8%8A%AF%E5%85%A8%E6%95%B8%E8%82%A1%E6%AC%8A-%E4%BA%A4%E6%98%93%E6%94%B9-%E6%AC%A1%E6%80%A7%E5%AE%8C%E6%88%90-105119522.html,Yahoo奇摩股市,聯電回購聯芯全數股權 交易改一次性完成 - Yahoo奇摩股市,0,1
2023-06-29 07:00:00,2303,https://tw.stock.yahoo.com/news/%E5%8D%8A%E5%B0%8E%E9%AB%94-%E8%81%AF%E9%9B%BB%E5%86%8D%E8%B3%A3%E4%BA%AC%E5%85%83%E9%9B%BB645%E8%90%AC%E8%82%A1-%E7%8D%B2%E5%88%A95267%E8%90%AC%E5%85%83-081047853.html,Yahoo奇摩股市,《半導體》聯電再賣京元電645萬股 獲利5267萬元 - Yahoo奇摩股市,0,1
2023-06-29 07:00:00,2303,https://tw.stock.yahoo.com/news/%E8%81%AF%E9%9B%BB%E8%B3%A3%E4%BA%AC%E5%85%83%E9%9B%BB%E6%8C%81%E8%82%A1-%E6%9C%AC%E6%9C%88%E7%AC%AC%E4%B8%89%E7%AD%86-201000194.html,Yahoo奇摩股市,聯電賣京元電持股 本月第三筆 - Yahoo奇摩股市,0,1
2023-07-06 08:21:39,2303,https://tw.stock.yahoo.com/news/%E5%8D%8A%E5%B0%8E%E9%AB%94-%E8%81%AF%E9%9B%BB6%E6%9C%88%E7%87%9F%E6%94%B6%E7%BA%8C%E7%99%BB%E4%BB%8A%E5%B9%B4%E6%AC%A1%E9%AB%98-q2%E7%95%A5%E5%84%AA%E6%96%BC%E9%A0%90%E6%9C%9F-082139421.html,Yahoo奇摩股市,《半導體》聯電6月營收續登今年次高 Q2略優於預期 - Yahoo奇摩股市,0,1
2023-07-06 09:14:34,2303,https://tw.stock.yahoo.com/news/%E4%B8%8A%E5%8D%8A%E5%B9%B4%E6%88%90%E7%86%9F%E8%A3%BD%E7%A8%8B%E7%9B%B8%E5%B0%8D%E7%A9%A9%E5%AE%9A-%E8%81%AF%E9%9B%BB%E7%AC%AC%E4%BA%8C%E5%AD%A3%E6%A5%AD%E7%B8%BE%E5%AD%A3%E5%A2%9E3-85-091434457.html,Yahoo奇摩股市,上半年成熟製程相對穩定，聯電第二季業績季增3.85% - Yahoo奇摩股市,0,1
2023-07-06 10:38:12,2303,https://tw.stock.yahoo.com/news/%E8%81%AF%E9%9B%BB6%E6%9C%88%E7%87%9F%E6%94%B6190%E5%84%84%E5%85%83%E5%AF%AB%E4%BB%8A%E5%B9%B4%E6%AC%A1%E9%AB%98-q2%E5%AD%A3%E5%A2%9E3-8-%E5%84%AA%E9%A0%90%E6%9C%9F-103812238.html,Yahoo奇摩股市,聯電6月營收190億元寫今年次高 Q2季增3.8%優預期 - Yahoo奇摩股市,0,1
2023-07-06 12:02:48,2303,https://tw.stock.yahoo.com/news/%E8%81%AF%E9%9B%BB%E6%9C%88%E7%87%9F%E6%94%B6%E9%80%A34%E5%8D%87-%E7%AC%AC2%E5%AD%A3562%E5%84%84%E5%AD%A3%E5%A2%9E3-8-120248239.html,Yahoo奇摩股市,聯電月營收連4升 第2季562億季增3.8% - Yahoo奇摩股市,0,1
2023-07-08 07:00:00,2303,https://tw.stock.yahoo.com/news/%E8%81%AF%E9%9B%BB-%E8%82%A1%E5%83%B9%E7%9F%AD%E7%B7%9A%E6%9C%89%E6%92%90-201000448.html,Yahoo奇摩股市,聯電 股價短線有撐 - Yahoo奇摩股市,0,1
2023-07-10 07:00:00,2303,https://tw.stock.yahoo.com/news/%E8%81%AF%E9%9B%BB%E6%96%A5%E4%BA%BA%E6%B0%91%E5%B9%A348%E5%84%84%E5%85%83-%E5%B0%87%E8%81%AF%E8%8A%AF%E7%B4%8D%E7%82%BA100-%E6%8C%81%E8%82%A1%E5%AD%90%E5%85%AC%E5%8F%B8-115830226.html,Yahoo奇摩股市,聯電斥人民幣48億元 將聯芯納為100%持股子公司 - Yahoo奇摩股市,0,1
2023-07-10 07:00:00,2303,https://tw.stock.yahoo.com/news/%E8%81%AF%E9%9B%BB%E6%96%A5%E8%B3%87%E4%BA%BA%E6%B0%91%E5%B9%A348-58%E5%84%84%E5%85%83-%E7%B4%8D%E8%81%AF%E8%8A%AF%E7%82%BA%E7%8D%A8%E8%B3%87%E5%AD%90%E5%85%AC%E5%8F%B8-103831477.html,Yahoo奇摩股市,聯電斥資人民幣48.58億元 納聯芯為獨資子公司 - Yahoo奇摩股市,0,1
2023-07-12 07:00:00,2303,https://tw.stock.yahoo.com/news/%E5%8F%B0%E5%8C%97%E8%82%A1%E5%B8%82-%E6%8A%95%E4%BF%A112%E6%97%A5%E8%B3%A3%E8%B6%85%E5%89%8D%E5%8D%81%E5%A4%A7-%E5%86%8D%E8%A3%9C%E8%81%AF%E9%9B%BB1%E5%88%80-1%E6%AA%94ai%E8%82%A1%E5%8F%8D%E6%89%8B%E8%B3%A3-083043204.html,Yahoo奇摩股市,《台北股市》投信12日賣超前十大 再補聯電1刀 1檔AI股反手賣 - Yahoo奇摩股市,0,1
2023-07-12 11:37:24,2303,https://tw.stock.yahoo.com/news/%E5%A4%96%E8%B3%87%E8%B3%A3%E8%B6%8556-31%E5%84%84-%E6%90%B6%E9%80%B2%E8%88%AA%E7%A9%BA%E9%9B%99%E9%9B%84%E8%B3%A3%E8%B6%85%E8%81%AF%E9%9B%BB%E6%9C%80%E5%A4%9A-113724901.html,Yahoo奇摩股市,外資賣超56.31億 搶進航空雙雄賣超聯電最多 - Yahoo奇摩股市,0,1
2023-07-13 07:00:00,2303,https://tw.stock.yahoo.com/news/%E8%81%AF%E9%9B%BB%E5%82%B3%E5%8F%96%E5%BE%97nvidia-cowos%E7%9F%BD%E4%B8%AD%E4%BB%8B%E5%B1%A4%E8%A8%82%E5%96%AE-%E8%BA%8B%E8%BA%ABai%E6%A6%82%E5%BF%B5%E8%82%A1%E8%A1%8C%E5%88%97-010330567.html,Yahoo奇摩股市,聯電傳取得NVIDIA CoWoS矽中介層訂單，躋身AI概念股行列 - Yahoo奇摩股市,0,1
2023-07-14 07:00:00,2303,https://tw.stock.yahoo.com/news/%E5%8D%8A%E5%B0%8E%E9%AB%94-%E8%81%AF%E9%9B%BB-%E6%9C%AA%E8%A6%8B%E5%B8%82%E5%A0%B4%E5%BC%B7%E5%8B%81%E5%BE%A9%E7%94%A6%E8%B7%A1%E8%B1%A1-021009943.html,Yahoo奇摩股市,《半導體》聯電：未見市場強勁復甦跡象 - Yahoo奇摩股市,0,1
2023-07-20 12:39:36,2303,https://tw.stock.yahoo.com/news/%E5%A4%96%E8%B3%87%E8%B3%A3%E8%B6%8553%E5%84%84%E5%85%83-%E8%AA%BF%E7%AF%80%E8%81%AF%E9%9B%BB%E8%B2%B7%E9%80%B2%E8%88%AA%E7%A9%BA%E9%9B%99%E9%9B%84-123936976.html,Yahoo奇摩股市,外資賣超53億元 調節聯電買進航空雙雄 - Yahoo奇摩股市,0,1
2023-07-21 07:00:00,2303,https://tw.stock.yahoo.com/news/%E5%8F%B0%E5%8C%97%E8%82%A1%E5%B8%82-%E8%81%AF%E9%9B%BB-%E8%81%AF%E7%99%BC%E7%A7%91%E4%B8%8B%E5%91%A8%E6%8E%A5%E6%A3%92%E6%B3%95%E8%AA%AA-%E8%81%9A%E7%84%A6fed%E5%88%A9%E7%8E%87%E6%B1%BA%E8%AD%B0-042640881.html,Yahoo奇摩股市,《台北股市》聯電、聯發科下周接棒法說 聚焦Fed利率決議 - Yahoo奇摩股市,0,1
2023-07-21 07:00:00,2303,https://tw.stock.yahoo.com/news/%E5%8D%8A%E5%B0%8E%E9%AB%94-%E8%81%AF%E9%9B%BB%E5%BC%B7%E5%8C%964%E5%A4%A7%E9%9D%A2%E5%90%91-%E6%89%93%E9%80%A0%E5%B9%B8%E7%A6%8F%E8%81%B7%E5%A0%B4-082659028.html,Yahoo奇摩股市,《半導體》聯電強化4大面向 打造幸福職場 - Yahoo奇摩股市,0,1
2023-07-24 07:00:00,2303,https://tw.stock.yahoo.com/news/%E4%B8%8A%E5%91%A8%E5%A4%96%E8%B3%87%E8%B3%A3%E8%B6%85%E5%80%8B%E8%82%A1%E5%89%8D%E4%B8%89%E5%90%8D-%E8%81%AF%E9%9B%BB%E3%80%81%E4%BB%81%E5%AF%B6%E3%80%81%E4%B8%AD%E4%BF%A1%E9%87%91%E7%A0%8D%E6%9C%80%E5%85%87-080408494.html,Yahoo奇摩股市,上周外資賣超個股前三名 聯電、仁寶、中信金砍最兇 - Yahoo奇摩股市,0,1
2023-07-26 07:00:00,2303,https://tw.stock.yahoo.com/news/%E5%85%AC%E5%91%8A-%E8%81%AF%E9%9B%BB%E8%91%A3%E4%BA%8B%E6%9C%83%E6%B1%BA%E8%AD%B0%E7%99%BC%E8%A1%8C%E7%84%A1%E6%93%94%E4%BF%9D%E6%99%AE%E9%80%9A%E5%85%AC%E5%8F%B8%E5%82%B5-091236590.html,Yahoo奇摩股市,【公告】聯電董事會決議發行無擔保普通公司債 - Yahoo奇摩股市,0,1
2023-07-26 07:00:00,2303,https://tw.stock.yahoo.com/news/%E8%81%AF%E9%9B%BB%E7%AC%AC%E4%BA%8C%E5%AD%A3%E6%AF%8F%E8%82%A1%E7%8D%B2%E5%88%A91-27%E5%85%83%E5%AF%AB%E8%BF%918%E5%AD%A3%E6%96%B0%E4%BD%8E-%E7%8D%B2%E5%88%A9%E5%AD%A3%E6%B8%9B3-100325239.html,Yahoo奇摩股市,聯電第二季每股獲利1.27元寫近8季新低 獲利季減3％ - Yahoo奇摩股市,0,1
2023-07-27 07:00:00,2303,https://tw.stock.yahoo.com/news/%E9%89%85%E4%BA%A8%E9%80%9F%E5%A0%B1-factset-%E6%9C%80%E6%96%B0%E8%AA%BF%E6%9F%A5-%E8%81%AF%E9%9B%BB-2303-091208270.html,Yahoo奇摩股市,鉅亨速報- Factset 最新調查：聯電(2303-TW)EPS預估上修至4.63元 ... - Yahoo奇摩股市,0,1
2023-07-29 07:00:00,2303,https://tw.stock.yahoo.com/news/%E8%81%AF%E9%9B%BB-%E7%87%9F%E9%81%8B%E4%BD%8E%E9%BB%9E%E5%8F%8D%E5%BD%88-201000035.html,Yahoo奇摩股市,聯電 營運低點反彈 - Yahoo奇摩股市,0,1
2023-08-02 07:00:00,2303,https://tw.stock.yahoo.com/news/%E6%AC%8A%E8%AD%89%E5%B8%82%E5%A0%B4%E7%84%A6%E9%BB%9E-%E8%81%AF%E9%9B%BB-%E6%8A%95%E4%BF%A1%E9%80%A2%E4%BD%8E%E5%B8%83%E5%B1%80-201000403.html,Yahoo奇摩股市,權證市場焦點－聯電投信逢低布局 - Yahoo奇摩股市,0,1
2023-08-04 07:00:00,2303,https://tw.stock.yahoo.com/news/%E5%8F%B0%E7%A9%8D%E9%9B%BB-%E8%81%AF%E9%9B%BB-084315119.html,Yahoo奇摩股市,【科技巨擘財報大閱兵】台積電/聯電保守看Q3、面板雙虎喊逐季向上 下半年景氣走勢還有得瞧 - Yahoo奇摩股市,0,1
2023-08-04 07:00:00,2303,https://tw.stock.yahoo.com/news/%E8%81%AF%E9%9B%BB7%E6%9C%88%E7%87%9F%E6%94%B6190-64%E5%84%84%E5%85%83-%E4%BB%8A%E5%B9%B4%E7%AC%AC%E4%B8%89%E9%AB%98-084024999.html,Yahoo奇摩股市,聯電7月營收190.64億元 今年第二高 - Yahoo奇摩股市,0,1
2023-08-04 07:00:00,2303,https://tw.stock.yahoo.com/news/%E5%8D%8A%E5%B0%8E%E9%AB%94-%E8%81%AF%E9%9B%BB7%E6%9C%88%E7%87%9F%E6%94%B6%E5%BE%AE%E5%8D%87-%E5%AF%AB%E4%BB%8A%E5%B9%B4%E6%AC%A1%E9%AB%98-080243583.html,Yahoo奇摩股市,《半導體》聯電7月營收微升 寫今年次高 - Yahoo奇摩股市,0,1
2023-08-04 07:00:00,2303,https://tw.stock.yahoo.com/news/%E8%81%AF%E9%9B%BB7%E6%9C%88%E7%87%9F%E6%94%B6190%E5%84%84%E5%85%83%E8%BC%836%E6%9C%88%E5%BE%AE%E5%A2%9E%E3%80%81%E5%B9%B4%E6%B8%9B23-%E7%82%BA%E4%BB%8A%E5%B9%B4%E7%AC%AC%E4%BA%8C%E9%AB%98-085355729.html,Yahoo奇摩股市,聯電7月營收190億元較6月微增、年減23% 為今年第二高 - Yahoo奇摩股市,0,1
2023-08-07 07:00:00,2303,https://tw.stock.yahoo.com/news/%E5%8F%B0%E7%89%88%E6%99%B6%E7%89%87%E6%B3%95%E4%B8%8A%E8%B7%AF-%E8%81%AF%E9%9B%BB-%E8%81%AF%E8%A9%A0%E8%A1%A8%E6%85%8B-%E5%B0%87%E4%BE%9D%E8%A6%8F%E5%AE%9A%E7%94%B3%E8%AB%8B-114513022.html,Yahoo奇摩股市,台版晶片法上路 聯電、聯詠表態：將依規定申請 - Yahoo奇摩股市,0,1
2023-08-08 07:00:00,2303,https://tw.stock.yahoo.com/news/%E7%9F%BD%E7%B5%B1%E8%91%A3%E4%BA%8B%E9%95%B7%E7%B0%A1%E8%AA%A0%E8%AC%99%E8%BE%AD%E8%81%B7-%E8%81%AF%E9%9B%BB%E8%91%A3%E4%BA%8B%E9%95%B7%E6%B4%AA%E5%98%89%E8%81%B0%E6%8E%A5%E4%BB%BB-131212725.html,Yahoo奇摩股市,矽統董事長簡誠謙辭職 聯電董事長洪嘉聰接任 - Yahoo奇摩股市,0,1
2023-08-08 07:00:00,2303,https://tw.stock.yahoo.com/news/%E7%9F%BD%E7%B5%B1%E8%91%A3%E5%BA%A7-%E7%B8%BD%E5%BA%A7%E7%95%B0%E5%8B%95-%E8%81%AF%E9%9B%BB%E9%AB%98%E5%B1%A4%E9%80%B2%E9%A7%90-201000902.html,Yahoo奇摩股市,矽統董座、總座異動 聯電高層進駐 - Yahoo奇摩股市,0,1
2023-08-08 12:07:54,2303,https://tw.stock.yahoo.com/news/%E7%9F%BD%E7%B5%B1%E7%B6%93%E7%87%9F%E5%B1%A4%E5%A4%A7%E6%90%AC%E9%A2%A8-%E8%81%AF%E9%9B%BB%E6%B4%AA%E5%98%89%E8%81%B0%E4%BB%BB%E8%91%A3%E4%BA%8B%E9%95%B7-120754738.html,Yahoo奇摩股市,矽統經營層大搬風 聯電洪嘉聰任董事長 - Yahoo奇摩股市,0,1
2023-08-14 08:17:22,2303,https://tw.stock.yahoo.com/news/%E5%A4%96%E8%B3%87%E4%B8%8A%E5%91%A8%E6%8F%90%E6%AC%BE%E8%81%AF%E9%9B%BB4-63%E8%90%AC%E5%BC%B5%E6%9C%80%E5%A4%9A-%E5%8A%A0%E7%A2%BC%E7%B7%AF%E5%89%B55-51%E8%90%AC%E5%BC%B5%E5%B1%85%E5%86%A0-081722839.html,Yahoo奇摩股市,外資上周提款聯電4.63萬張最多 加碼緯創5.51萬張居冠 - Yahoo奇摩股市,0,1
2023-08-24 07:00:00,2303,https://tw.stock.yahoo.com/news/%E5%8F%B0%E5%8C%97%E8%82%A1%E5%B8%82-%E6%8A%95%E4%BF%A124%E6%97%A5%E8%B2%B7%E8%B6%85%E5%89%8D%E5%8D%81%E5%A4%A7-%E6%8A%BC%E5%AF%B66%E6%AA%94ai%E8%82%A1-%E8%81%AF%E9%9B%BB%E4%BB%8D%E6%98%AF%E8%80%81%E5%A4%A7-083148748.html,Yahoo奇摩股市,《台北股市》投信24日買超前十大 押寶6檔AI股 聯電仍是老大 - Yahoo奇摩股市,0,1
2023-08-27 07:00:00,2303,https://tw.stock.yahoo.com/news/%E7%9B%A4%E4%B8%AD%E9%80%9F%E5%A0%B1-%E8%81%AF%E9%9B%BB-2303-%E8%82%A1%E5%83%B9%E5%A4%A7%E6%BC%B2%E8%87%B346-6%E5%85%83-013132920.html,Yahoo奇摩股市,盤中速報 - 聯電(2303)股價大漲至46.6元，漲幅達7.13% - Yahoo奇摩股市,0,1
2023-08-28 07:00:00,2303,https://tw.stock.yahoo.com/news/%E6%AC%8A%E8%AD%89%E5%B8%82%E5%A0%B4%E7%84%A6%E9%BB%9E-%E8%81%AF%E9%9B%BB-%E6%96%B0%E7%94%A2%E8%83%BD%E5%B0%87%E9%96%8B%E5%87%BA-201000406.html,Yahoo奇摩股市,權證市場焦點－聯電 新產能將開出 - Yahoo奇摩股市,0,1
2023-08-28 07:00:00,2303,https://tw.stock.yahoo.com/news/%E8%81%AF%E9%9B%BB-%E6%97%A5%E6%9C%88%E5%85%89%E6%90%B6%E9%80%B2cowos%E4%BE%9B%E6%87%89%E9%8F%88-201000765.html,Yahoo奇摩股市,聯電、日月光搶進CoWoS供應鏈 - Yahoo奇摩股市,0,1
2023-08-28 07:00:00,2303,https://tw.stock.yahoo.com/news/%E6%97%A5%E6%9C%88%E5%85%89%E6%94%9C%E6%89%8B%E8%81%AF%E9%9B%BB%E5%BB%BA%E6%A7%8Bcowos%E4%BE%9B%E6%87%89%E9%8F%88-%E8%82%A1%E5%83%B9%E5%AF%AB2%E5%80%8B%E6%9C%88%E6%96%B0%E9%AB%98-113319318.html,Yahoo奇摩股市,日月光攜手聯電建構CoWoS供應鏈 股價寫2個月新高 - Yahoo奇摩股市,0,1
2023-08-28 07:00:00,2303,https://tw.stock.yahoo.com/news/%E7%86%B1%E9%96%80%E8%82%A1-%E8%81%AF%E9%9B%BB-%E8%82%A1%E5%83%B9%E8%BD%89%E5%BC%B7%E6%8C%91%E6%88%B0%E6%9C%88%E7%B7%9A-201000202.html,Yahoo奇摩股市,熱門股－聯電 股價轉強挑戰月線 - Yahoo奇摩股市,0,1
2023-08-28 23:33:23,2303,https://tw.stock.yahoo.com/news/%E5%8F%B0%E5%8C%97%E8%82%A1%E5%B8%82-%E6%8A%95%E4%BF%A128%E6%97%A5%E8%B2%B7%E8%B6%85%E8%82%A1-%E6%8A%80%E5%98%89-%E8%81%AF%E9%9B%BB-%E5%AE%9A%E7%A9%8E%E6%8A%95%E6%8E%A7-233323318.html,Yahoo奇摩股市,《台北股市》投信28日買超股：技嘉、聯電、定穎投控 - Yahoo奇摩股市,0,1
2023-08-29 07:00:00,2303,https://tw.stock.yahoo.com/news/%E7%86%B1%E9%96%80%E6%97%8F%E7%BE%A4-%E5%A4%96%E8%B3%87%E6%96%AC%E6%83%85%E7%B5%B2-%E7%9F%BD%E7%B5%B1%E9%81%87%E4%BA%82%E6%B5%81-%E8%81%AF%E9%9B%BB%E5%AE%B6%E6%97%8Fai%E8%AD%B7%E9%AB%94%E4%B8%8D%E6%80%95-040204161.html,Yahoo奇摩股市,《熱門族群》外資斬情絲、矽統遇亂流 聯電家族AI護體不怕？ - Yahoo奇摩股市,0,1
2023-08-29 07:00:00,2303,https://tw.stock.yahoo.com/news/%E5%A4%96%E8%B3%87%E8%AA%BF%E7%AF%80%E8%81%AF%E9%9B%BB%E6%AF%8D%E5%AD%902-8%E8%90%AC%E5%BC%B5-%E9%80%A3%E5%9B%9B%E5%A4%A9%E6%95%B2%E9%80%B2%E6%BD%A4%E6%B3%B0%E6%96%B0%E9%80%BE%E5%85%A9%E8%90%AC%E5%BC%B5-101916972.html,Yahoo奇摩股市,外資調節聯電母子2.8萬張 連四天敲進潤泰新逾兩萬張 - Yahoo奇摩股市,0,1
2023-08-31 07:00:00,2303,https://tw.stock.yahoo.com/news/%E7%86%B1%E9%96%80%E8%82%A1-%E4%B8%AD%E8%8F%AF-2204-%E5%85%86%E5%88%A9-3548-030746472.html,Yahoo奇摩股市,熱門股：中華(2204)、兆利(3548)、國泰金(2882)、力旺(3529)、聯電(2303) - Yahoo奇摩股市,0,1
2023-09-04 22:59:37,2303,https://tw.stock.yahoo.com/news/%E4%B8%AD%E8%8A%AF%E6%8A%80%E8%A1%93%E8%B7%B3%E7%B4%9A-%E6%8B%89%E9%96%8B%E8%88%87%E8%81%AF%E9%9B%BB%E5%B7%AE%E8%B7%9D-225937700.html,Yahoo奇摩股市,中芯技術跳級 拉開與聯電差距 - Yahoo奇摩股市,0,1
2023-09-05 07:00:00,2303,https://tw.stock.yahoo.com/news/%E5%8F%B0%E5%8C%97%E8%82%A1%E5%B8%82-%E6%8A%95%E4%BF%A105%E6%97%A5%E8%B2%B7%E8%B6%85%E8%82%A1-%E8%81%AF%E9%9B%BB-%E6%B0%B8%E8%B1%90%E9%87%91-%E9%99%BD%E6%98%8E-233738199.html,Yahoo奇摩股市,《台北股市》投信05日買超股：聯電、永豐金、陽明 - Yahoo奇摩股市,0,1
2023-09-06 07:00:00,2303,https://tw.stock.yahoo.com/news/%E8%81%AF%E9%9B%BB8%E6%9C%88%E6%A5%AD%E7%B8%BE%E5%B0%8F%E6%B8%9B-cowos%E4%B8%AD%E4%BB%8B%E5%B1%A4%E5%90%B8%E7%9D%9B-%E7%8D%B2%E5%AE%A2%E6%88%B6%E4%B8%8B%E5%96%AE%E4%B8%A6%E6%93%B4%E7%94%A2-081253815.html,Yahoo奇摩股市,聯電8月業績小減，CoWos中介層吸睛，獲客戶下單並擴產 - Yahoo奇摩股市,0,1
2023-09-06 07:00:00,2303,https://tw.stock.yahoo.com/news/%E5%8D%8A%E5%B0%8E%E9%AB%94-%E8%81%AF%E9%9B%BB%E6%93%AC%E7%99%BC%E5%82%B5100%E5%84%84%E5%85%83-084449045.html,Yahoo奇摩股市,《半導體》聯電擬發債100億元 - Yahoo奇摩股市,0,1
2023-09-08 07:00:00,2303,https://tw.stock.yahoo.com/news/%E5%8F%B0%E5%8C%97%E8%82%A1%E5%B8%82-%E6%8A%95%E4%BF%A108%E6%97%A5%E8%B2%B7%E8%B6%85%E5%89%8D%E5%8D%81%E5%A4%A7-%E6%8A%B1%E7%B7%8A%E5%89%8D3%E6%AA%94-%E5%B0%8D%E8%81%AF%E9%9B%BB%E6%9C%80%E9%95%B7%E6%83%85-084232838.html,Yahoo奇摩股市,《台北股市》投信08日買超前十大 抱緊前3檔 對聯電最長情 - Yahoo奇摩股市,0,1
2023-09-12 07:00:00,2303,https://tw.stock.yahoo.com/news/%E5%A4%96%E8%B3%87%E8%B2%B7%E8%B6%8583%E5%84%84%E5%85%83-%E5%8A%A0%E7%A2%BC%E8%81%AF%E9%9B%BB-%E8%AA%BF%E7%AF%80%E5%8F%B0%E7%A9%8D%E9%9B%BB-102400933.html,Yahoo奇摩股市,外資買超83億元 加碼聯電、調節台積電 - Yahoo奇摩股市,0,1
2023-09-13 07:00:00,2303,https://tw.stock.yahoo.com/news/%E5%8F%B0%E5%8C%97%E8%82%A1%E5%B8%82-%E8%A7%B8%E5%BA%95%E5%9B%9E%E6%BA%AB-%E8%81%AF%E9%9B%BB-%E8%81%AF%E9%99%BD%E6%8A%95%E4%BF%A1%E5%8A%9B%E6%8C%BA-000216760.html,Yahoo奇摩股市,《台北股市》觸底回溫 聯電、聯陽投信力挺 - Yahoo奇摩股市,0,1
2023-09-27 07:00:00,2303,https://tw.stock.yahoo.com/news/%E5%8D%8A%E5%B0%8E%E9%AB%94-%E7%82%BA%E5%93%AA%E6%A8%81-%E8%81%AF%E9%9B%BB%E6%92%A4%E9%8A%B7%E4%B8%AD%E8%8F%AF%E4%BF%A1%E8%A9%95-003630040.html,Yahoo奇摩股市,《半導體》為哪樁？聯電撤銷中華信評 - Yahoo奇摩股市,0,1
2023-09-28 07:00:00,2303,https://tw.stock.yahoo.com/news/%E4%B8%96%E7%95%8C%E5%8A%9B%E7%A9%8D%E9%9B%BB%E8%81%AF%E9%9B%BB-q3%E7%8D%B2%E5%88%A9%E6%9C%89%E5%A3%93-201000493.html,Yahoo奇摩股市,世界力積電聯電 Q3獲利有壓 - Yahoo奇摩股市,0,1
2023-10-04 07:00:00,2303,https://tw.stock.yahoo.com/news/%E5%8F%B0%E5%8C%97%E8%82%A1%E5%B8%82-%E5%A4%96%E8%B3%8704%E6%97%A5%E8%B3%A3%E8%B6%85%E8%82%A1-%E8%81%AF%E9%9B%BB-%E7%8E%89%E5%B1%B1%E9%87%91-%E6%96%B0%E5%85%89%E9%87%91-233756717.html,Yahoo奇摩股市,《台北股市》外資04日賣超股：聯電、玉山金、新光金 - Yahoo奇摩股市,0,1
2023-10-05 07:00:00,2303,https://tw.stock.yahoo.com/news/%E5%8D%8A%E5%B0%8E%E9%AB%94-%E5%A4%96%E8%B3%87%E7%9C%8B%E5%A5%BD%E8%81%AF%E9%9B%BB%E6%98%8E%E5%B9%B4%E9%A6%96%E5%AD%A3%E7%94%A2%E8%83%BD%E5%88%A9%E7%94%A8%E7%8E%87%E5%9B%9E%E5%8D%8767-69-072850524.html,Yahoo奇摩股市,《半導體》外資看好聯電明年首季產能利用率回升67-69％ - Yahoo奇摩股市,0,1
2023-10-05 07:00:00,2303,https://tw.stock.yahoo.com/news/%E5%8D%8A%E5%B0%8E%E9%AB%94-%E8%81%AF%E9%9B%BB9%E6%9C%88-q3%E7%87%9F%E6%94%B6%E5%B0%8F%E5%A2%9E-%E6%94%9C%E5%89%8D3%E5%AD%A3%E9%BD%8A%E5%AF%AB%E5%90%8C%E6%9C%9F%E6%AC%A1%E9%AB%98-062057609.html,Yahoo奇摩股市,《半導體》聯電9月、Q3營收小增 攜前3季齊寫同期次高 - Yahoo奇摩股市,0,1
2023-10-05 07:00:00,2303,https://tw.stock.yahoo.com/news/%E8%81%AF%E9%9B%BBq3%E7%87%9F%E6%94%B6%E5%AD%A3%E5%A2%9E1-3-%E7%95%A5%E5%84%AA%E6%96%BC%E9%A0%90%E6%9C%9F-065610485.html,Yahoo奇摩股市,聯電Q3營收季增1.3%，略優於預期 - Yahoo奇摩股市,0,1
2023-10-06 07:00:00,2303,https://tw.stock.yahoo.com/news/%E5%90%84%E5%A0%B1%E8%A6%81%E8%81%9E-%E8%81%AF%E9%9B%BB%E4%B8%96%E7%95%8C%E5%85%88%E9%80%B2-q3%E7%87%9F%E6%94%B6%E6%94%80%E9%AB%98-011641196.html,Yahoo奇摩股市,《各報要聞》聯電世界先進 Q3營收攀高 - Yahoo奇摩股市,0,1
2023-10-06 07:00:00,2303,https://tw.stock.yahoo.com/news/%E8%81%AF%E9%9B%BB%E7%AC%AC3%E5%AD%A3%E7%87%9F%E6%94%B6%E5%A2%9E1-37-%E4%B8%96%E7%95%8C%E5%85%88%E9%80%B2%E5%A2%9E7-13-071716683.html,Yahoo奇摩股市,聯電第3季營收增1.37% 世界先進增7.13% - Yahoo奇摩股市,0,1
2023-10-06 07:00:00,2303,https://tw.stock.yahoo.com/news/%E6%96%B0%E5%8F%B0%E5%B9%A3%E5%8C%AF%E7%8E%87%E5%8A%A9%E6%94%BB-%E8%81%AF%E9%9B%BB%E3%80%81%E4%B8%96%E7%95%8C%E5%85%88%E9%80%B2q3%E7%87%9F%E6%94%B6%E5%84%AA%E6%96%BC%E9%A0%90%E6%9C%9F-102131417.html,Yahoo奇摩股市,新台幣匯率助攻 聯電、世界先進Q3營收優於預期 - Yahoo奇摩股市,0,1
2023-10-06 07:57:34,2303,https://tw.stock.yahoo.com/news/%E8%81%AF%E9%9B%BB9%E6%9C%88%E7%87%9F%E6%94%B6%E6%9C%88%E5%BE%AE%E5%A2%9E0-53-%E7%AC%AC%E4%B8%89%E5%AD%A3%E7%87%9F%E6%94%B6%E5%AD%A3%E5%A2%9E1-37-075734562.html,Yahoo奇摩股市,聯電9月營收月微增0.53％ 第三季營收季增1.37％ - Yahoo奇摩股市,0,1
2023-10-06 08:36:09,2303,https://tw.stock.yahoo.com/news/%E8%81%AF%E9%9B%BBq3%E7%87%9F%E6%94%B6%E5%AD%A3%E5%A2%9E1-3-%E4%B8%96%E7%95%8C%E5%85%88%E9%80%B2%E6%88%90%E9%95%B77-%E5%9D%87%E5%84%AA%E9%A0%90%E6%9C%9F-083609713.html,Yahoo奇摩股市,聯電Q3營收季增1.3% 世界先進成長7% 均優預期 - Yahoo奇摩股市,0,1
2023-10-11 00:28:59,2303,https://tw.stock.yahoo.com/news/%E8%87%AA%E7%87%9F%E5%95%86%E4%B8%8A%E5%91%A8%E8%B2%B7%E8%B6%85-%E5%8D%BB%E7%8D%B5%E6%AE%BA%E8%81%AF%E9%9B%BB-%E6%8B%8B%E6%A3%84-4%E5%A4%A7-%E9%87%91%E9%87%B5-001000744.html,Yahoo奇摩股市,自營商上周買超！卻獵殺聯電 拋棄「4大」金釵 - Yahoo奇摩股市,0,1
2023-10-16 07:00:00,2303,https://tw.stock.yahoo.com/news/%E5%8F%B0%E5%8C%97%E8%82%A1%E5%B8%82-%E7%9B%A4%E4%B8%AD%E7%84%A6%E9%BB%9E%E8%82%A1-%E5%A8%81%E7%9B%9B-%E8%81%AF%E9%9B%BB-%E6%97%BA%E6%97%BA%E4%BF%9D-020826130.html,Yahoo奇摩股市,《台北股市》盤中焦點股：威盛、聯電、旺旺保、矽統、兆利、昇貿 - Yahoo奇摩股市,0,1
2023-10-16 07:00:00,2303,https://tw.stock.yahoo.com/news/%E5%A4%96%E8%B3%87%E4%B8%8A%E5%91%A8%E5%9B%9E%E8%A3%9C%E5%8F%B0%E8%82%A1%EF%BC%81%E8%81%AF%E9%9B%BB%E8%B2%B7%E8%BF%916%E8%90%AC%E5%BC%B5%E6%9C%80%E5%A4%9A-%E8%B3%A3%E7%B7%AF%E5%89%B5578%E8%90%AC%E5%BC%B5-093602176.html,Yahoo奇摩股市,外資上周回補台股！聯電買近6萬張最多 賣緯創5.78萬張 - Yahoo奇摩股市,0,1
2023-10-16 20:10:00,2303,https://tw.stock.yahoo.com/news/%E5%A4%96%E8%B3%87%E4%B8%8A%E5%91%A8%E8%B2%B7%E8%B6%85%E8%82%A1-%E8%81%AF%E9%9B%BB%E5%B1%85%E5%86%A0-201000551.html,Yahoo奇摩股市,外資上周買超股 聯電居冠 - Yahoo奇摩股市,0,1
2023-10-18 20:10:00,2303,https://tw.stock.yahoo.com/news/%E6%AC%8A%E8%AD%89%E5%B8%82%E5%A0%B4%E7%84%A6%E9%BB%9E-%E8%81%AF%E9%9B%BB-%E6%B3%95%E4%BA%BA%E8%B2%B7%E7%9B%A4%E5%8A%9B%E6%8C%BA-201000352.html,Yahoo奇摩股市,權證市場焦點－聯電 法人買盤力挺 - Yahoo奇摩股市,0,1
2023-10-19 07:00:00,2303,https://tw.stock.yahoo.com/news/%E5%8F%B0%E5%8C%97%E8%82%A1%E5%B8%82-%E7%9B%A4%E4%B8%AD%E7%84%A6%E9%BB%9E%E8%82%A1-%E5%8F%B0%E7%A9%8D%E9%9B%BB-%E5%80%89%E4%BD%91-%E6%8F%9A%E6%99%BA-020435951.html,Yahoo奇摩股市,《台北股市》盤中焦點股：台積電、倉佑、揚智、地球、蔚華科、聯電 - Yahoo奇摩股市,0,1
2023-10-19 07:00:00,2303,https://tw.stock.yahoo.com/news/%E8%81%AF%E9%9B%BB%E6%98%8E%E5%B9%B4%E5%B8%B6%E5%8B%81-%E5%A4%96%E8%B3%87%E5%8F%8D%E6%89%8B%E6%95%B2-201000664.html,Yahoo奇摩股市,聯電明年帶勁 外資反手敲 - Yahoo奇摩股市,0,1
2023-10-19 07:00:00,2303,https://tw.stock.yahoo.com/news/%E7%9C%8B%E5%A5%BD%E8%81%AF%E9%9B%BB%E6%98%8E%E5%B9%B4%E7%87%9F%E9%81%8B-%E5%A4%96%E8%B3%87%E9%80%A3%E8%B2%B7%E8%B6%85%E4%B9%9D%E5%80%8B%E4%BA%A4%E6%98%93%E6%97%A5-103317323.html,Yahoo奇摩股市,看好聯電明年營運外資連買超九個交易日 - Yahoo奇摩股市,0,1
2023-10-20 07:00:00,2303,https://tw.stock.yahoo.com/news/%E5%8F%B0%E8%82%A1%E4%B8%8B%E5%91%A8%E4%BA%AE%E9%BB%9E-%E7%BE%8E%E8%82%A1%E8%B2%A1%E5%A0%B1-%E8%81%AF%E9%9B%BB-%E8%81%AF%E7%99%BC%E7%A7%91-%E6%B3%95%E8%AA%AA-103349165.html,Yahoo奇摩股市,【下周亮點】美股科技巨頭財報重磅登場 聯電、聯發科法說揭露未來展望 - Yahoo奇摩股市,0,1
2023-10-23 07:00:00,2303,https://tw.stock.yahoo.com/news/%E7%86%B1%E9%96%80%E6%97%8F%E7%BE%A4-%E5%A4%96%E8%B3%87%E6%8C%89%E8%AE%9A%E8%81%AF%E9%9B%BB-%E6%B3%9B%E8%81%AF%E5%AE%B6%E8%BB%8D%E5%8D%87%E5%8B%A2%E5%A3%AF-235534858.html,Yahoo奇摩股市,《熱門族群》外資按讚聯電 泛聯家軍升勢壯 - Yahoo奇摩股市,0,1
2023-10-23 07:00:00,2303,https://tw.stock.yahoo.com/news/%E5%8F%B0%E5%8C%97%E8%82%A1%E5%B8%82-%E5%A4%96%E8%B3%8723%E6%97%A5%E8%B2%B7%E8%B6%85%E8%82%A1-%E8%81%AF%E9%9B%BB-%E5%85%89%E5%AF%B6%E7%A7%91-%E4%B8%AD%E7%9F%B3%E5%8C%96-233245740.html,Yahoo奇摩股市,《台北股市》外資23日買超股：聯電、光寶科、中石化 - Yahoo奇摩股市,0,1
2023-10-24 07:00:00,2303,https://tw.stock.yahoo.com/news/%E7%86%B1%E9%96%80%E8%82%A1-%E5%AE%9C%E9%BC%8E-5289-%E9%BA%97%E8%87%BA-2465-025305669.html,Yahoo奇摩股市,熱門股：宜鼎(5289)、麗臺(2465)、精材(3374)、聯電(2303)、豐泰(9910) - Yahoo奇摩股市,0,1
2023-10-25 07:00:00,2303,https://tw.stock.yahoo.com/news/%E5%8D%8A%E5%B0%8E%E9%AB%94-%E8%81%AF%E9%9B%BB%E6%B3%95%E8%AA%AA%E5%BE%8C-3%E5%A4%96%E8%B3%87%E5%A0%B1%E5%91%8A%E4%BE%86%E4%BA%86-1%E5%AE%B6%E5%81%9A%E4%BA%86%E9%80%99%E4%BB%B6%E4%BA%8B-031106443.html,Yahoo奇摩股市,《半導體》聯電法說後…3外資報告來了、1家做了這件事 - Yahoo奇摩股市,0,1
2023-10-25 07:00:00,2303,https://tw.stock.yahoo.com/news/%E5%8D%8A%E5%B0%8E%E9%AB%94-%E5%8F%B0%E8%82%A1%E9%87%8D%E6%8C%AB-%E7%AC%AC%E5%9B%9B%E5%AD%A3%E5%B1%95%E6%9C%9B%E4%BF%9D%E5%AE%88-%E8%81%AF%E9%9B%BB%E4%BB%8A%E9%87%8D%E6%8C%AB%E9%80%BE4-4-044628060.html,Yahoo奇摩股市,《半導體》台股重挫＋第四季展望保守 聯電今重挫逾4.4％ - Yahoo奇摩股市,0,1
2023-10-25 07:00:00,2303,https://tw.stock.yahoo.com/news/%E5%8F%B0%E5%8C%97%E8%82%A1%E5%B8%82-%E7%9B%A4%E4%B8%AD%E7%84%A6%E9%BB%9E%E8%82%A1-%E8%81%AF%E9%9B%BB-%E4%B8%89%E6%99%83-%E5%85%89%E8%81%96-021538248.html,Yahoo奇摩股市,《台北股市》盤中焦點股：聯電、三晃、光聖、台灣銘板、安格、耿鼎 - Yahoo奇摩股市,0,1
2023-10-25 09:33:57,2303,https://tw.stock.yahoo.com/news/%E8%81%AF%E9%9B%BB%E7%AC%AC3%E5%AD%A3%E6%AF%8F%E8%82%A1%E7%B4%94%E7%9B%8A1-29%E5%85%83-%E7%AC%AC4%E5%AD%A3%E5%87%BA%E8%B2%A8%E4%BC%B0%E5%AD%A3%E6%B8%9B5-093357048.html,Yahoo奇摩股市,聯電第3季每股純益1.29元 第4季出貨估季減5% - Yahoo奇摩股市,0,1
2023-10-26 07:00:00,2303,https://tw.stock.yahoo.com/news/%E8%81%AF%E9%9B%BB-%E6%AF%9B%E5%88%A9-%E6%AE%96%E5%88%A9%E7%8E%87-%E7%8F%BE%E9%87%91%E6%B5%81-055511869.html,Yahoo奇摩股市,成熟製程的專家：聯電 - Yahoo奇摩股市,0,1
2023-10-27 02:03:15,2303,https://tw.stock.yahoo.com/news/%E8%81%AF%E9%9B%BB%E7%99%BC%E6%94%BE%E9%99%90%E5%88%B6%E5%93%A1%E5%B7%A5%E6%96%B0%E8%82%A1-3%E9%AB%98%E5%B1%A4%E5%90%84%E7%8D%B2%E5%B8%82%E5%80%BC1-52%E5%84%84%E8%82%A1%E7%A5%A8-014910527.html,Yahoo奇摩股市,聯電發放限制員工新股 3高層各獲市值1.52億股票 - Yahoo奇摩股市,0,1
2023-10-31 07:00:00,2303,https://tw.stock.yahoo.com/news/%E5%8F%B0%E5%8C%97%E8%82%A1%E5%B8%82-%E6%8A%95%E4%BF%A131%E6%97%A5%E8%B2%B7%E8%B6%85%E8%82%A1-%E8%81%AF%E9%9B%BB-%E6%97%A5%E6%9C%88%E5%85%89%E6%8A%95%E6%8E%A7-%E5%A4%A7%E8%81%AF%E5%A4%A7-234049156.html,Yahoo奇摩股市,《台北股市》投信31日買超股：聯電、日月光投控、大聯大 - Yahoo奇摩股市,0,1
2023-11-03 07:00:00,2303,https://tw.stock.yahoo.com/news/%E5%8F%B0%E5%8C%97%E8%82%A1%E5%B8%82-%E5%A4%96%E8%B3%8703%E6%97%A5%E8%B2%B7%E8%B6%85%E8%82%A1-%E4%B8%AD%E4%BF%A1%E9%87%91-%E8%81%AF%E9%9B%BB-%E9%96%8B%E7%99%BC%E9%87%91-010754792.html,Yahoo奇摩股市,《台北股市》外資03日買超股：中信金、聯電、開發金 - Yahoo奇摩股市,0,1
2023-11-03 07:00:00,2303,https://tw.stock.yahoo.com/news/%E5%A4%A7%E5%93%A5%E5%B0%B1%E6%84%9B%E9%87%91%E9%87%91%E9%87%91-%E6%8A%95%E4%BF%A1%E9%80%B1%E8%B2%B7%E8%B6%85-%E6%80%92%E7%A0%B8171%E5%84%84-%E6%92%90%E7%9B%A4-%E8%81%AF%E9%9B%BB%E5%A5%AA%E7%AC%AC-034000363.html,Yahoo奇摩股市,大哥就愛金金金！投信週買超「怒砸171億」撐盤聯電奪第一 - Yahoo奇摩股市,0,1
2023-11-06 08:00:00,2303,https://tw.stock.yahoo.com/news/%E5%85%AC%E5%91%8A-%E8%81%AF%E9%9B%BB%E8%AA%AA%E6%98%8E112%E5%B9%B411%E6%9C%887%E6%97%A5%E5%B7%A5%E5%95%86%E6%99%82%E5%A0%B1%E5%A0%B1%E5%B0%8E-051727018.html,Yahoo奇摩股市,【公告】聯電說明112年11月7日工商時報報導 - Yahoo奇摩股市,0,1
2023-11-06 08:00:00,2303,https://tw.stock.yahoo.com/news/%E8%81%AF%E9%9B%BB10%E6%9C%88%E7%87%9F%E6%94%B6191-9%E5%84%84%E5%85%83-%E5%AF%AB%E6%AD%B7%E5%B9%B4%E5%90%8C%E6%9C%9F%E6%AC%A1%E9%AB%98-085237219.html,Yahoo奇摩股市,聯電10月營收191.9億元寫歷年同期次高 - Yahoo奇摩股市,0,1
2023-11-09 23:32:42,2303,https://tw.stock.yahoo.com/news/%E5%8F%B0%E5%8C%97%E8%82%A1%E5%B8%82-%E6%8A%95%E4%BF%A109%E6%97%A5%E8%B3%A3%E8%B6%85%E8%82%A1-%E5%90%88%E5%8B%A4%E6%8E%A7-%E5%AE%9A%E7%A9%8E%E6%8A%95%E6%8E%A7-%E8%81%AF%E9%9B%BB-233242887.html,Yahoo奇摩股市,《台北股市》投信09日賣超股：合勤控、定穎投控、聯電 - Yahoo奇摩股市,0,1
2023-11-10 10:43:16,2303,https://tw.stock.yahoo.com/news/%E5%A4%96%E8%B3%87%E8%AE%8A%E8%87%89%E8%B3%A3%E8%B6%85%E8%81%AF%E9%9B%BB%E5%8F%8A%E7%9F%BD%E7%B5%B1%E9%80%BE%E8%90%AC%E5%BC%B5-%E9%9D%92%E7%9D%9Epcb%E6%97%8F%E7%BE%A4-104316660.html,Yahoo奇摩股市,外資變臉賣超聯電及矽統逾萬張 青睞PCB族群 - Yahoo奇摩股市,0,1
2023-11-16 08:00:00,2303,https://tw.stock.yahoo.com/news/%E5%8F%B0%E5%8C%97%E8%82%A1%E5%B8%82-%E8%81%AF%E9%9B%BB%E9%9B%86%E5%9C%98%E8%82%A1%E9%A0%98%E8%BB%8D-%E5%8F%B0%E8%82%A1%E6%94%BB17200%E9%BB%9E%E6%96%B0%E9%AB%98-011818077.html,Yahoo奇摩股市,《台北股市》聯電集團股領軍 台股攻17200點新高 - Yahoo奇摩股市,0,1
2023-11-16 08:00:00,2303,https://tw.stock.yahoo.com/news/%E5%8D%8A%E5%B0%8E%E9%AB%94-%E6%94%9C%E8%81%AF%E9%9B%BB%E6%8E%A8%E6%96%B0%E5%B9%B3%E5%8F%B0-%E6%99%BA%E5%8E%9F%E5%A4%A7%E6%BC%B2%E5%A5%AA3%E7%B7%9A-013415674.html,Yahoo奇摩股市,《半導體》攜聯電推新平台智原大漲奪3線 - Yahoo奇摩股市,0,1
2023-11-16 08:00:00,2303,https://tw.stock.yahoo.com/news/%E5%8D%8A%E5%B0%8E%E9%AB%94-%E5%A4%96%E8%B3%87%E5%A4%A7%E8%AE%9A-%E8%81%AF%E9%9B%BB%E7%95%B6%E9%9D%A0%E5%B1%B1-%E6%99%BA%E5%8E%9F%E5%BC%B7%E6%94%B6%E6%BC%B2%E5%81%9C-054213541.html,Yahoo奇摩股市,《半導體》外資大讚+聯電當靠山智原強收漲停 - Yahoo奇摩股市,0,1
2023-11-16 08:00:00,2303,https://tw.stock.yahoo.com/news/%E7%86%B1%E9%96%80%E6%97%8F%E7%BE%A4-%E6%99%BA%E5%8E%9F%E4%B9%99%E5%A4%AA%E7%B6%B2gphy%E9%BB%9E%E7%81%AB-%E8%81%AF%E9%9B%BB%E9%9B%86%E5%9C%98%E5%8D%87%E5%8B%A2%E6%97%BA-045630634.html,Yahoo奇摩股市,《熱門族群》智原乙太網GPHY點火聯電集團升勢旺 - Yahoo奇摩股市,0,1
2023-11-17 08:00:00,2303,https://tw.stock.yahoo.com/news/%E5%9C%9F%E6%B4%8B%E5%90%8C%E6%AD%A5%E6%95%B2%E9%80%B2%E8%81%AF%E9%9B%BB%E9%80%BE5%E8%90%AC%E5%BC%B5-%E5%A4%96%E8%B3%87%E6%B8%9B%E7%A2%BC%E8%88%AA%E7%A9%BA%E9%9B%99%E9%9B%843-8%E8%90%AC%E5%BC%B5-100134954.html,Yahoo奇摩股市,土洋同步敲進聯電逾5萬張外資減碼航空雙雄3.8萬張 - Yahoo奇摩股市,0,1
2023-11-18 08:00:00,2303,https://tw.stock.yahoo.com/news/%E8%81%AF%E9%9B%BB-%E6%8C%91%E6%88%B0%E5%89%8D%E6%B3%A2%E9%AB%98%E9%BB%9E-201000317.html,Yahoo奇摩股市,聯電挑戰前波高點 - Yahoo奇摩股市,0,1
2023-11-19 08:00:00,2303,https://tw.stock.yahoo.com/news/%E7%86%B1%E9%96%80%E6%97%8F%E7%BE%A4-%E8%81%AF%E9%9B%BB-%E7%9F%BD%E7%B5%B1%E9%BD%8A%E4%B8%8A50%E5%85%83-%E8%81%AF%E5%AE%B6%E8%BB%8D%E7%BE%A4%E8%B5%B7%E7%BA%8C%E6%94%BB-022308993.html,Yahoo奇摩股市,《熱門族群》聯電、矽統齊上50元聯家軍群起續攻 - Yahoo奇摩股市,0,1
2023-11-19 08:00:00,2303,https://tw.stock.yahoo.com/news/%E5%8F%B0%E5%8C%97%E8%82%A1%E5%B8%82-%E5%8F%B0%E7%A9%8D%E5%8F%8Aai%E8%B2%B7%E7%9B%A4%E8%A7%80%E6%9C%9B-%E8%81%AF%E9%9B%BB%E7%BA%8C%E6%94%BB%E6%92%90%E5%A0%B4-011351084.html,Yahoo奇摩股市,《台北股市》台積及AI買盤觀望聯電續攻撐場 - Yahoo奇摩股市,0,1
2023-11-19 08:00:00,2303,https://tw.stock.yahoo.com/news/%E3%80%90yahoo%E4%BE%86%E9%81%B8%E8%82%A1%E3%80%91%E8%81%AF%E9%9B%BB%E9%87%8D%E8%BF%9450%E5%85%83%E9%A0%98%E8%BB%8D%E4%B8%8A%E6%94%BB-062109420.html,Yahoo奇摩股市,【Yahoo來選股】聯電重返50元領軍上攻聯家軍表現強勢 - Yahoo奇摩股市,0,1
2023-11-20 08:00:00,2303,https://tw.stock.yahoo.com/news/%E5%A4%96%E8%B3%87%E9%80%A3%E5%85%AD%E8%B2%B7-%E5%8A%A0%E7%A2%BC%E6%88%90%E7%86%9F%E8%A3%BD%E7%A8%8B%E6%99%B6%E5%9C%93%E5%BB%A0%E8%81%AF%E9%9B%BB-%E4%B8%96%E7%95%8C3-4%E8%90%AC%E5%BC%B5-093508711.html,Yahoo奇摩股市,外資連六買加碼成熟製程晶圓廠聯電、世界3.4萬張 - Yahoo奇摩股市,0,1
2023-11-20 08:00:00,2303,https://tw.stock.yahoo.com/news/%E5%A4%96%E8%B3%87%E9%80%A36%E8%B2%B7%E5%8F%B0%E8%82%A1-%E4%BB%8A%E5%A4%A9%E8%B2%B7%E8%B6%85%E8%81%AF%E9%9B%BB2-7%E8%90%AC%E5%BC%B5%E5%B1%85%E5%86%A0-100547297.html,Yahoo奇摩股市,外資連6買台股今天買超聯電2.7萬張居冠 - Yahoo奇摩股市,0,1
2023-11-23 06:38:59,2303,https://tw.stock.yahoo.com/news/00878%E6%88%90%E5%88%86%E8%82%A1%E8%AA%BF%E6%95%B4-%E6%96%B0%E5%A2%9E%E8%81%AF%E9%9B%BB-%E4%B8%96%E7%95%8C%E5%85%88%E9%80%B2-%E7%B5%B1-%E6%B8%9B%E6%8C%81%E9%96%8B%E7%99%BC%E9%87%91%E7%AD%89%E5%9B%9B%E6%AA%94-045900374.html,Yahoo奇摩股市,00878成分股調整：新增聯電、世界先進、統一，減持開發金等四檔 - Yahoo奇摩股市,0,1
2023-11-24 08:00:00,2303,https://tw.stock.yahoo.com/news/%E5%8D%8A%E5%B0%8E%E9%AB%94-%E8%81%AF%E9%9B%BB-%E7%B6%A0%E7%8D%8E-8%E5%91%A8%E5%B9%B4-%E5%82%AC%E7%94%9F68%E4%BB%B6%E7%92%B0%E5%A2%83%E8%A7%A3%E6%96%B9-090305252.html,Yahoo奇摩股市,《半導體》聯電「綠獎」8周年催生68件環境解方 - Yahoo奇摩股市,0,1
2023-11-27 08:00:00,2303,https://tw.stock.yahoo.com/news/%E5%A4%96%E8%B3%87%E7%B5%82%E6%AD%A2%E9%80%A32%E8%B2%B7-%E6%B8%9B%E7%A2%BC%E8%81%AF%E9%9B%BB1-25%E8%90%AC%E5%BC%B5%E6%9C%80%E5%A4%9A-114100296.html,Yahoo奇摩股市,外資終止連2買減碼聯電1.25萬張最多 - Yahoo奇摩股市,0,1
2023-12-02 08:00:00,2303,https://tw.stock.yahoo.com/news/%E8%81%AF%E9%9B%BB-%E5%95%9F%E5%8B%95-%E5%88%B6%E9%9C%B8%E6%8A%95%E4%BF%A1%E6%95%B4%E9%80%B1%E8%B2%B7%E8%B6%85-%E9%80%A35%E5%86%A0-%E5%A4%A7%E5%93%A5%E9%8C%A2%E7%9E%844%E6%AA%94%E8%87%89%E7%8B%82%E6%92%92-103000308.html,Yahoo奇摩股市,聯電…啟動！制霸投信整週買超「連5冠」 大哥錢瞄4檔臉狂撒 - Yahoo奇摩股市,0,1
2023-12-02 08:00:00,2303,https://tw.stock.yahoo.com/news/%E8%81%AF%E9%9B%BB%E8%A2%AB%E5%80%92%E7%88%9B-%E5%A4%96%E8%B3%87%E6%9C%AC%E9%80%B1%E7%99%BC%E7%8B%82-%E5%87%BA%E8%B2%A8%E9%80%BE9%E8%90%AC%E5%BC%B5-%E8%A1%9D%E5%86%A0%E8%BB%8D-%E7%B6%B2-123000119.html,Yahoo奇摩股市,聯電被倒爛！外資本週發狂「出貨逾9萬張」衝冠軍網：沒救了嗎？ - Yahoo奇摩股市,0,1
2023-12-04 08:00:00,2303,https://tw.stock.yahoo.com/news/%E5%A4%96%E8%B3%87%E4%B8%8A%E5%91%A8%E7%8B%82%E8%B3%A3%E8%81%AF%E9%9B%BB9-85%E8%90%AC%E5%BC%B5-%E4%BB%8A%E5%B9%B4%E8%B2%B7%E8%B6%85%E5%8F%B0%E8%82%A1965%E5%84%84%E5%85%83-100914717.html,Yahoo奇摩股市,外資上周狂賣聯電9.85萬張今年買超台股965億元 - Yahoo奇摩股市,0,1
2023-12-05 08:00:00,2303,https://tw.stock.yahoo.com/news/%E5%A4%96%E8%B3%87%E8%B3%A3%E8%B6%85104%E5%84%84%E6%A3%84%E5%AE%883%E6%AA%94%E9%AB%98%E8%82%A1%E6%81%AFetf-%E8%81%AF%E9%9B%BB-%E4%B8%AD%E9%8B%BC%E5%9C%9F%E6%B4%8B%E6%8D%89%E5%B0%8D%E5%BB%9D%E6%AE%BA-110532555.html,Yahoo奇摩股市,外資賣超104億棄守3檔高股息ETF 聯電、中鋼土洋捉對廝殺 - Yahoo奇摩股市,0,1
2023-12-06 08:00:00,2303,https://tw.stock.yahoo.com/news/%E8%81%AF%E9%9B%BB11%E6%9C%88%E7%87%9F%E6%94%B6%E4%B8%8B%E6%8E%A2187-9%E5%84%84%E5%85%83-%E5%89%B56%E5%80%8B%E6%9C%88%E6%96%B0%E4%BD%8E-080122373.html,Yahoo奇摩股市,聯電11月營收下探187.9億元創6個月新低 - Yahoo奇摩股市,0,1
2023-12-06 08:00:00,2303,https://tw.stock.yahoo.com/news/%E8%81%AF%E9%9B%BB11%E6%9C%88%E7%87%9F%E6%94%B6187-9%E5%84%84%E5%85%83%E8%B7%8C%E8%87%B3%E5%8D%8A%E5%B9%B4%E4%BE%86%E4%BD%8E%E9%BB%9E-%E5%89%8D11%E6%9C%88%E5%B9%B4%E6%B8%9B20-25-115040276.html,Yahoo奇摩股市,聯電11月營收187.9億元跌至半年來低點前11月年減20.25% - Yahoo奇摩股市,0,1
2023-12-06 08:00:00,2303,https://tw.stock.yahoo.com/news/%E5%8D%8A%E5%B0%8E%E9%AB%94-%E8%81%AF%E9%9B%BB11%E6%9C%88%E7%87%9F%E6%94%B6-%E5%AF%AB%E5%85%AD%E5%80%8B%E6%9C%88%E6%96%B0%E4%BD%8E-234940185.html,Yahoo奇摩股市,《半導體》聯電11月營收寫六個月新低 - Yahoo奇摩股市,0,1
2023-12-09 08:00:00,2303,https://tw.stock.yahoo.com/news/%E4%B8%8D%E7%94%A9%E5%B0%8F%E5%85%92-%E8%87%AA%E7%87%9F%E5%95%86-%E5%A4%A7%E5%93%A5-%E6%B5%B4%E8%A1%80%E6%8C%BA%E8%81%AF%E9%9B%BB-%E7%99%BB%E9%80%B1%E8%B2%B7%E8%B6%85%E5%86%A0%E8%BB%8D-001500104.html,Yahoo奇摩股市,不甩小兒、自營商！大哥「浴血挺聯電」登週買超冠軍投信本週共砸55億 - Yahoo奇摩股市,0,1
2023-12-10 08:00:00,2303,https://tw.stock.yahoo.com/news/%E5%A4%96%E8%B3%87%E4%B8%8A%E9%80%B1%E8%B3%A3%E8%B6%8554-43%E5%84%84%E5%85%83-%E8%AA%BF%E7%AF%80%E8%81%AF%E9%9B%BB%E9%80%BE7%E8%90%AC%E5%BC%B5%E6%9C%80%E5%A4%9A-075842462.html,Yahoo奇摩股市,外資上週賣超54.43億元調節聯電逾7萬張最多 - Yahoo奇摩股市,0,1
2023-12-11 08:00:00,2303,https://tw.stock.yahoo.com/news/%E5%8D%8A%E5%B0%8E%E9%AB%94-%E8%81%AF%E9%9B%BB%E8%9F%AC%E8%81%AFdjsi%E9%9B%99%E6%A6%9C%E6%88%90%E5%88%86%E8%82%A1-msci-esg%E8%A9%95%E7%B4%9A%E7%8D%B2aa%E8%82%AF%E5%AE%9A-090827929.html,Yahoo奇摩股市,《半導體》聯電蟬聯DJSI雙榜成分股MSCI ESG評級獲AA肯定 - Yahoo奇摩股市,0,1
2023-12-13 08:00:00,2303,https://tw.stock.yahoo.com/news/%E5%8D%8A%E5%B0%8E%E9%AB%94-%E8%81%AF%E9%9B%BB%E9%80%9A%E9%81%8E%E8%B3%87%E6%9C%AC%E9%A0%90%E7%AE%97119-43%E5%84%84%E5%85%83-090459759.html,Yahoo奇摩股市,《半導體》聯電通過資本預算119.43億元 - Yahoo奇摩股市,0,1
2023-12-22 08:00:00,2303,https://tw.stock.yahoo.com/news/%E4%BA%9E%E7%BF%94%E6%B3%95%E8%AA%AA-%E5%9C%A8%E6%89%8B%E8%A8%82%E5%96%AE1280%E5%84%84%E5%85%83-%E8%81%AF%E9%9B%BB%E6%96%B0%E5%8A%A0%E5%9D%A1%E5%BB%A0%E9%80%B2%E5%BA%A6%E7%B4%844%E6%88%90-091903251.html,Yahoo奇摩股市,〈亞翔法說〉在手訂單1280億元聯電新加坡廠進度約4成 - Yahoo奇摩股市,0,1
2023-12-24 08:00:00,2303,https://tw.stock.yahoo.com/news/%E5%B8%82%E5%A0%B4%E5%82%B3%E8%81%AF%E9%9B%BB%E6%8A%80%E8%BD%89%E8%8B%B1%E7%89%B9%E7%88%BE-%E8%81%AF%E9%9B%BB-%E5%B8%82%E5%A0%B4%E5%82%B3%E8%81%9E%E4%B8%8D%E5%9B%9E%E6%87%89-020923751.html,Yahoo奇摩股市,市場傳聯電技轉英特爾聯電：市場傳聞不回應 - Yahoo奇摩股市,0,1
2023-12-26 08:00:00,2303,https://tw.stock.yahoo.com/news/%E7%86%B1%E9%96%80%E6%97%8F%E7%BE%A4-%E6%8E%88%E6%AC%8A%E9%87%91%E5%A5%BD%E9%A6%99-%E8%81%AF%E9%9B%BB%E5%A4%A7%E6%BC%B24-%E5%AD%90%E5%BC%9F%E5%85%B5%E9%BD%8A%E6%AD%A5%E8%B5%B0-030306630.html,Yahoo奇摩股市,《熱門族群》授權金好香聯電大漲4% 子弟兵齊步走 - Yahoo奇摩股市,0,1
2023-12-26 08:00:00,2303,https://tw.stock.yahoo.com/news/%E5%8D%8A%E5%B0%8E%E9%AB%94-%E8%81%AF%E9%9B%BB%E8%A1%9D%E5%8D%8A%E5%B9%B4%E9%AB%98%E5%83%B9-%E5%A1%AB%E6%81%AF%E9%80%BE9%E6%88%90-032325496.html,Yahoo奇摩股市,《半導體》聯電衝半年高價填息逾9成 - Yahoo奇摩股市,0,1
2023-12-27 08:00:00,2303,https://tw.stock.yahoo.com/news/%E8%81%AF%E9%9B%BB%E5%82%B312%E5%A5%88%E7%B1%B3%E6%9C%89%E9%80%B2%E5%B1%95-%E8%82%A1%E5%83%B9%E8%A1%9D54-8%E5%85%83%E5%89%B522%E5%80%8B%E6%9C%88%E9%AB%98-020550382.html,Yahoo奇摩股市,聯電傳12奈米有進展股價衝54.8元創22個月高 - Yahoo奇摩股市,0,1
2023-12-27 08:00:00,2303,https://tw.stock.yahoo.com/news/%E5%A4%96%E8%B3%87%E5%A4%A7%E8%88%89%E8%B2%B7%E8%B6%85367%E5%84%84%E5%85%83-%E6%90%B6%E9%80%B2%E8%81%AF%E9%9B%BB%E9%80%BE9%E8%90%AC%E5%BC%B5%E6%9C%80%E5%A4%9A-092103619.html,Yahoo奇摩股市,外資大舉買超367億元搶進聯電逾9萬張最多 - Yahoo奇摩股市,0,1
2023-12-28 08:00:00,2303,https://tw.stock.yahoo.com/news/%E8%81%AF%E9%9B%BB%E7%99%BC2-67%E8%90%AC%E5%BC%B5%E9%99%90%E5%88%B6%E5%93%A1%E5%B7%A5%E6%96%B0%E8%82%A1-3%E9%AB%98%E5%B1%A4%E5%90%841020%E5%BC%B5-122043179.html,Yahoo奇摩股市,聯電發2.67萬張限制員工新股3高層各1020張 - Yahoo奇摩股市,0,1
2023-12-29 08:00:00,2303,https://tw.stock.yahoo.com/news/%E5%8D%8A%E5%B0%8E%E9%AB%94-%E8%81%AF%E9%9B%BB%E6%8A%80%E8%BD%89%E8%8B%B1%E7%89%B9%E7%88%BE-%E5%B0%88%E5%AE%B6-%E4%B8%8D%E7%AC%A6%E7%B6%93%E6%BF%9F%E6%95%88%E7%9B%8A-014858906.html,Yahoo奇摩股市,《半導體》聯電技轉英特爾專家：不符經濟效益 - Yahoo奇摩股市,0,1
2024-01-01 08:00:00,2303,https://tw.stock.yahoo.com/news/%E8%81%AF%E9%9B%BB%E7%8D%B2%E7%BE%8E%E5%9C%8B%E5%8D%8A%E5%B0%8E%E9%AB%94%E5%B0%88%E5%88%A93049%E4%BB%B6-%E5%8F%B0%E5%BB%A0%E7%AC%AC2-071050956.html,Yahoo奇摩股市,聯電獲美國半導體專利3049件台廠第2 - Yahoo奇摩股市,0,1
2024-01-02 07:39:26,2303,https://tw.stock.yahoo.com/news/%E5%A4%96%E8%B3%87%E4%B8%8A%E5%91%A8%E6%9C%80%E6%84%9B%E8%81%AF%E9%9B%BB-%E8%B2%B7%E8%B6%8512-36%E8%90%AC%E5%BC%B5-073926640.html,Yahoo奇摩股市,外資上周最愛聯電買超12.36萬張 - Yahoo奇摩股市,0,1
2024-01-03 08:31:02,2303,https://tw.stock.yahoo.com/news/%E5%8F%B0%E5%8C%97%E8%82%A1%E5%B8%82-%E5%A4%96%E8%B3%873%E6%97%A5%E8%B3%A3%E8%B6%85%E5%89%8D%E5%8D%81%E5%A4%A7-%E8%81%AF%E9%9B%BB%E6%9C%80%E6%82%B2%E6%83%85-%E5%AE%83%E9%80%A310%E8%B2%B7%E5%A4%A2%E7%A2%8E-083102842.html,Yahoo奇摩股市,《台北股市》外資3日賣超前十大聯電最悲情、它連10買夢碎 - Yahoo奇摩股市,0,1
2024-01-05 08:00:00,2303,https://tw.stock.yahoo.com/news/%E8%81%AF%E9%9B%BB12%E6%9C%88%E7%87%9F%E6%94%B6%E9%9B%99%E6%B8%9B-%E5%85%A8%E5%B9%B4%E8%A1%B0%E9%80%8020-15-082659359.html,Yahoo奇摩股市,聯電12月營收雙減全年衰退20.15％ - Yahoo奇摩股市,0,1
2024-01-05 08:00:00,2303,https://tw.stock.yahoo.com/news/%E8%81%AF%E9%9B%BB%E5%8E%BB%E5%B9%B412%E6%9C%88%E7%87%9F%E6%94%B6%E6%8E%A210%E5%80%8B%E6%9C%88%E4%BD%8E-%E5%A4%96%E8%B3%87%E4%BC%B0%E4%BB%8A%E5%B9%B4%E9%87%8D%E8%BF%94%E6%88%90%E9%95%B7-091731201.html,Yahoo奇摩股市,聯電去年12月營收探10個月低外資估今年重返成長 - Yahoo奇摩股市,0,1
2024-01-05 08:00:00,2303,https://tw.stock.yahoo.com/news/%E4%BA%8C%E5%93%A5%E5%B9%B4%E5%BA%95%E6%BB%91%E9%90%B5%E7%9B%A7-%E8%81%AF%E9%9B%BB%E7%87%9F%E6%94%B6-%E5%89%B510%E5%80%8B%E6%9C%88%E6%96%B0%E4%BD%8E-%E4%B8%8B%E6%BB%91%E9%80%BE9-%E7%B6%B2%E8%AA%BF%E4%BE%83-094500070.html,Yahoo奇摩股市,二哥年底滑鐵盧！聯電營收「創10個月新低」下滑逾9% 網調侃：負負得正 - Yahoo奇摩股市,0,1
2024-01-05 08:32:32,2303,https://tw.stock.yahoo.com/news/%E5%8D%8A%E5%B0%8E%E9%AB%94-%E8%81%AF%E9%9B%BB%E4%B8%8A%E6%9C%88%E7%87%9F%E6%94%B6%E8%BF%9110%E6%9C%88%E4%BD%8E-q4%E4%BB%8D%E5%84%AA%E9%A0%90%E6%9C%9F-%E5%8E%BB%E5%B9%B4%E5%AF%AB%E6%AC%A1%E9%AB%98-083232646.html,Yahoo奇摩股市,《半導體》聯電上月營收近10月低Q4仍優預期、去年寫次高 - Yahoo奇摩股市,0,1
2024-01-05 20:10:00,2303,https://tw.stock.yahoo.com/news/12%E5%A5%88%E7%B1%B3%E5%8A%A0%E6%8C%81-%E8%81%AF%E9%9B%BB%E4%BB%8A%E5%B9%B4%E7%9C%8B%E6%97%BA-201000958.html,Yahoo奇摩股市,12奈米加持聯電今年看旺 - Yahoo奇摩股市,0,1
2024-01-07 08:00:00,2303,https://tw.stock.yahoo.com/news/%E8%81%AF%E9%9B%BB-%E5%8E%BB%E5%B9%B412%E6%9C%88%E7%87%9F%E6%94%B6-%E5%91%88%E9%9B%99%E6%B8%9B-%E5%89%B510%E5%80%8B%E6%9C%88%E6%96%B0%E4%BD%8E-%E7%B6%B2%E5%8F%8D%E5%AE%89%E6%85%B0-025900518.html,Yahoo奇摩股市,聯電「去年12月營收」呈雙減！創10個月新低網反安慰：還要求年增太扯 - Yahoo奇摩股市,0,1
2024-01-09 08:00:00,2303,https://tw.stock.yahoo.com/news/%E6%9C%AC%E7%9B%8A%E6%AF%94-%E5%AD%98%E8%82%A1-%E5%83%B9%E5%80%BC%E6%8A%95%E8%B3%87-093005622.html,Yahoo奇摩股市,【財報看門道】你會算本益比嗎？聯電為何是存股族心頭好？從本益比看你股票有沒有買貴！ - Yahoo奇摩股市,0,1
2024-01-17 08:00:00,2303,https://tw.stock.yahoo.com/news/%E5%89%8D%E6%99%AF%E6%B7%BB%E8%AE%8A%E6%95%B8-%E8%81%AF%E9%9B%BB-%E4%B8%96%E7%95%8C%E9%81%AD%E9%99%8D%E8%A9%95-201000012.html,Yahoo奇摩股市,前景添變數聯電、世界遭降評 - Yahoo奇摩股市,0,1
2024-01-25 08:00:00,2303,https://tw.stock.yahoo.com/news/%E8%81%AF%E9%9B%BB-%E8%8B%B1%E7%89%B9%E7%88%BE%E5%90%88%E4%BD%9C%E9%96%8B%E7%99%BC12%E5%A5%88%E7%B1%B3%E8%A3%BD%E7%A8%8B%E5%B9%B3%E5%8F%B0-%E6%93%AC2027%E5%B9%B4%E6%8A%95%E7%94%A2-141022469.html,Yahoo奇摩股市,聯電、英特爾合作開發12奈米製程平台擬2027年投產 - Yahoo奇摩股市,0,1
2024-01-25 20:10:00,2303,https://tw.stock.yahoo.com/news/%E6%AC%8A%E8%AD%89%E5%B8%82%E5%A0%B4%E7%84%A6%E9%BB%9E-%E8%81%AF%E9%9B%BB-%E6%88%90%E7%86%9F%E8%A3%BD%E7%A8%8B%E5%8F%97%E9%97%9C%E6%B3%A8-201000506.html,Yahoo奇摩股市,權證市場焦點－聯電成熟製程受關注 - Yahoo奇摩股市,0,1
2024-01-26 08:20:14,2303,https://tw.stock.yahoo.com/news/%E8%8B%B1%E7%89%B9%E7%88%BE%E6%94%9C%E8%81%AF%E9%9B%BB%E5%B8%83%E5%B1%80finfet%E6%99%B6%E5%9C%93%E4%BB%A3%E5%B7%A5-%E7%A0%94%E8%AA%BF-%E6%AD%A4%E7%82%BA%E9%9B%99%E8%B4%8F%E5%B1%80%E9%9D%A2-082014380.html,Yahoo奇摩股市,英特爾攜聯電布局FinFET晶圓代工研調：此為雙贏局面 - Yahoo奇摩股市,0,1
2024-01-26 12:00:00,2303,https://tw.stock.yahoo.com/news/%E5%A4%96%E8%B3%87%E8%99%A7%E7%88%9B-%E5%A4%A7%E8%B3%A3%E8%81%AF%E9%9B%BB6-4%E8%90%AC%E5%BC%B5-%E4%BB%81%E5%AF%B6%E4%B9%9F%E9%81%AD%E6%AE%83-%E7%B6%B2%E5%93%80%E6%B1%82-120000630.html,Yahoo奇摩股市,外資虧爛！大賣聯電6.4萬張「仁寶也遭殃」 網哀求：別再殺了 - Yahoo奇摩股市,0,1
2024-01-31 08:00:00,2303,https://tw.stock.yahoo.com/news/%E8%81%AF%E9%9B%BB%E6%B3%95%E8%AA%AA-%E5%8E%BB%E5%B9%B4q4%E7%8D%B2%E5%88%A9%E6%8E%A210%E5%AD%A3%E4%BD%8E%E9%BB%9E-%E5%85%A8%E5%B9%B4eps-4-93%E5%85%83-115547231.html,Yahoo奇摩股市,〈聯電法說〉去年Q4獲利探10季低點全年EPS 4.93元 - Yahoo奇摩股市,0,1
2024-01-31 08:00:00,2303,https://tw.stock.yahoo.com/news/%E8%81%AF%E9%9B%BB%E6%B3%95%E8%AA%AA-q1%E6%99%B6%E5%9C%93%E5%87%BA%E8%B2%A8%E5%BE%AE%E5%A2%9E2-3-%E5%85%A8%E5%B9%B4%E7%9C%8B%E6%B3%95%E5%AF%A9%E6%85%8E%E6%A8%82%E8%A7%80-110203435.html,Yahoo奇摩股市,〈聯電法說〉Q1晶圓出貨微增2-3% 全年看法審慎樂觀 - Yahoo奇摩股市,0,1
2024-02-01 05:00:19,2303,https://tw.stock.yahoo.com/news/%E8%81%AF%E9%9B%BB%E6%B3%95%E8%AA%AA%E6%9C%83%E5%BE%8C%E5%A4%96%E8%B3%87%E8%A9%95%E7%AD%89%E5%88%86%E6%AD%A7-%E5%A4%9A%E5%AE%B6%E4%B8%8B%E4%BF%AE%E7%9B%AE%E6%A8%99%E5%83%B9-%E5%8D%80%E9%96%9343-58%E5%85%83-050019993.html,Yahoo奇摩股市,聯電法說會後外資評等分歧，多家下修目標價，區間43~58元 - Yahoo奇摩股市,0,1
2024-02-01 08:00:00,2303,https://tw.stock.yahoo.com/news/%E8%81%AF%E9%9B%BB-%E7%9F%BD%E7%B5%B1%E9%86%9E%E9%87%80%E8%A3%9C%E6%BC%B2-%E6%AC%8A%E8%AD%89%E5%87%BA%E9%81%8B-201000963.html,Yahoo奇摩股市,聯電、矽統醞釀補漲權證出運 - Yahoo奇摩股市,0,1
2024-02-15 05:30:18,2303,https://tw.stock.yahoo.com/news/%E5%8F%B0%E7%A9%8D%E9%9B%BB-%E8%81%AF%E9%9B%BB-intel-%E6%99%B6%E5%9C%93%E9%9B%99%E9%9B%84-053018775.html,Yahoo奇摩股市,岳母手握台積電好開心長線聯電不一定較差 - Yahoo奇摩股市,0,1
2024-02-27 13:51:27,2303,https://tw.stock.yahoo.com/news/%E8%81%AF%E9%9B%BB%E6%AF%8F%E8%82%A1%E9%85%8D%E6%81%AF3%E5%85%83-%E5%B9%B4%E6%B8%9B%E5%B9%85%E7%B4%8416-7-135127613.html,Yahoo奇摩股市,聯電每股配息3元年減幅約16.7% - Yahoo奇摩股市,0,1
2024-02-29 03:13:28,2303,https://tw.stock.yahoo.com/news/%E5%8D%8A%E5%B0%8E%E9%AB%94-%E9%AB%98%E6%AE%96%E5%88%A9%E7%8E%87%E8%AD%B7%E9%AB%94-%E8%81%AF%E9%9B%BB%E7%A9%A9%E6%8F%9A%E9%80%BE1-030805028.html,Yahoo奇摩股市,《半導體》高殖利率護體聯電穩揚逾1％ - Yahoo奇摩股市,0,1
2024-03-06 08:57:43,2303,https://tw.stock.yahoo.com/news/%E8%81%AF%E9%9B%BB2%E6%9C%88%E7%87%9F%E6%94%B6174-51%E5%84%84%E5%85%83-%E6%9C%88%E6%B8%9B8-22-085743307.html,Yahoo奇摩股市,聯電2月營收174.51億元月減8.22％ - Yahoo奇摩股市,0,1
2024-03-08 04:39:22,2303,https://tw.stock.yahoo.com/news/%E3%80%90%E5%8F%B0%E8%82%A1%E9%80%9F%E5%A0%B1%E3%80%91%E8%A2%AB00940%E7%B4%8D%E5%85%A5%E6%88%90%E4%BB%BD%E8%82%A1-%E8%81%AF%E9%9B%BB%E4%BB%8A%E7%88%86%E9%87%8F23%E8%90%AC%E5%BC%B5-041222499.html,Yahoo奇摩股市,【台股速報】被00940納入成份股聯電今爆量23萬張 - Yahoo奇摩股市,0,1
2024-03-09 20:10:00,2303,https://tw.stock.yahoo.com/news/%E8%81%AF%E9%9B%BB-%E4%B8%89%E5%A4%A7%E6%B3%95%E4%BA%BA%E5%8A%9B%E6%8C%BA-201000457.html,Yahoo奇摩股市,聯電三大法人力挺 - Yahoo奇摩股市,0,1
2024-03-10 20:10:00,2303,https://tw.stock.yahoo.com/news/%E6%96%B0%E5%8B%9Fetf%E5%8A%A9%E7%87%83%E6%BC%A2%E5%94%90-%E8%81%AF%E9%9B%BB%E7%81%AB%E7%86%B1-201000853.html,Yahoo奇摩股市,新募ETF助燃漢唐、聯電火熱 - Yahoo奇摩股市,0,1
2024-03-22 01:41:26,2303,https://tw.stock.yahoo.com/news/ai-%E5%A6%82%E6%BD%AE%E6%B0%B4-%E8%87%AA%E7%87%9F%E5%95%86%E5%B0%B1%E6%84%9B-%E9%80%99%E6%AA%94-%E9%80%A32%E6%97%A5%E7%98%8B%E6%8E%83-012300639.html,Yahoo奇摩股市,「AI」如潮水！自營商就愛「這檔」連2日瘋掃聯電也搏青睞 - Yahoo奇摩股市,0,1
2024-04-08 09:00:00,2303,https://tw.stock.yahoo.com/news/%E4%BA%8C%E5%93%A5%E7%A9%A9-%E8%81%AF%E9%9B%BB3%E6%9C%88%E7%87%9F%E6%94%B6181-67%E5%84%84%E5%85%83-%E5%B9%B4%E6%9C%88%E9%9B%99%E5%A2%9E-%E7%B6%B2-090000301.html,Yahoo奇摩股市,二哥穩！聯電3月營收181.67億元「年月雙增」 網：二哥穩了 - Yahoo奇摩股市,0,1
2024-04-18 01:36:22,2303,https://tw.stock.yahoo.com/news/%E5%8B%81%E6%8F%9A-%E7%A0%B47-%E5%85%A5%E6%A6%9C-%E8%87%AA%E7%87%9F%E5%95%86%E8%B2%B7%E8%B6%85%E8%81%AF%E9%9B%BB%E6%91%98%E9%87%91-%E5%AE%83-012400484.html,Yahoo奇摩股市,勁揚「破7%」入榜！自營商買超聯電摘金「它」也跟著水漲船高 - Yahoo奇摩股市,0,1
2024-04-22 04:15:00,2303,https://tw.stock.yahoo.com/news/%E3%80%90%E5%8F%B0%E8%82%A1%E9%80%9F%E5%A0%B1%E3%80%91%E8%81%AF%E9%9B%BB%E9%80%80%E5%87%BA%E8%81%AF%E8%A9%A0%E8%91%A3%E4%BA%8B%E6%9C%83-%E8%82%A1%E5%83%B9%E9%9B%99%E9%9B%99%E4%B8%8B%E6%8C%AB-041500363.html,Yahoo奇摩股市,【台股速報】聯電退出聯詠董事會股價雙雙下挫 - Yahoo奇摩股市,0,1
2024-04-23 01:02:31,2303,https://tw.stock.yahoo.com/news/%E4%B8%89%E5%A4%A7%E6%B3%95%E4%BA%BA%E6%98%A8%E5%A4%A7%E8%B3%A3%E8%81%AF%E9%9B%BB3-8%E8%90%AC%E5%BC%B5-%E7%B7%AF%E5%89%B5%E8%A2%AB%E7%A0%8D2%E8%90%AC%E6%B7%AA%E7%AC%AC%E4%BA%8C-003000135.html,Yahoo奇摩股市,三大法人昨大賣聯電3.8萬張！緯創被砍2萬淪第二 - Yahoo奇摩股市,0,1
2024-04-27 11:50:00,2303,https://tw.stock.yahoo.com/news/%E8%81%AF%E9%9B%BBq2%E5%B1%95%E6%9C%9B%E9%9B%99%E7%8E%87%E9%9B%99%E9%99%8D-%E5%A4%96%E8%B3%87%E6%9C%AC%E9%80%B1-%E5%87%BA%E8%B2%A86-4%E8%90%AC%E5%BC%B5-%E7%B6%B2%E5%93%AD-115000001.html,Yahoo奇摩股市,聯電Q2展望雙率雙降！外資本週「出貨6.4萬張」 網哭：什麼時候放過它 - Yahoo奇摩股市,0,1
2024-04-30 03:54:45,2303,https://tw.stock.yahoo.com/news/%E8%81%AF%E9%9B%BB%E8%82%A1%E5%83%B9%E9%87%8D%E5%9B%9E50%E5%85%83%E5%A4%A7%E9%97%9C-%E5%B0%88%E5%AE%B6%EF%BC%9A%E8%B3%87%E9%87%91%E9%81%BF%E9%A2%A8%E6%B8%AF-035405224.html,Yahoo奇摩股市,聯電股價重回50元大關專家：資金避風港 - Yahoo奇摩股市,0,1
2024-05-07 20:10:00,2303,https://tw.stock.yahoo.com/news/%E8%81%AF%E9%9B%BB4%E6%9C%88%E6%A5%AD%E7%B8%BE%E9%9B%99%E5%A2%9E-q2%E7%BA%8C%E8%A1%9D-201000464.html,Yahoo奇摩股市,聯電4月業績雙增Q2續衝 - Yahoo奇摩股市,0,1
2024-05-21 10:00:33,2303,https://tw.stock.yahoo.com/news/%E8%81%AF%E9%9B%BB%E6%96%B0%E5%8A%A0%E5%9D%A1fab-12i%E7%AC%AC%E4%B8%89%E6%9C%9F%E6%93%B4%E5%BB%BA-%E9%A6%96%E6%89%B9%E6%A9%9F%E5%8F%B0%E8%A8%AD%E5%82%99%E5%88%B0%E5%BB%A0-100033201.html,Yahoo奇摩股市,聯電新加坡Fab 12i第三期擴建首批機台設備到廠 - Yahoo奇摩股市,0,1
2024-05-21 10:08:58,2303,https://tw.stock.yahoo.com/news/%E8%81%AF%E9%9B%BB%E6%96%B0%E5%8A%A0%E5%9D%A1%E6%96%B0%E5%BB%A0f12i-p3-%E9%A6%96%E6%89%B9%E6%A9%9F%E5%8F%B0%E4%B8%8A%E6%A9%9F-%E6%98%8E%E5%B9%B4%E5%88%9D%E9%87%8F%E7%94%A2-100858377.html,Yahoo奇摩股市,聯電新加坡新廠F12i P3 首批機台上機明年初量產 - Yahoo奇摩股市,0,1
2024-05-21 11:30:00,2303,https://tw.stock.yahoo.com/news/%E5%A4%96%E8%B3%87%E6%95%B2%E7%88%86%E8%81%AF%E9%9B%BB3-7%E8%90%AC%E5%BC%B5%E8%A1%9D%E5%86%A0%E8%BB%8D-%E5%86%8D%E6%8E%83-%E9%80%994%E6%AA%94-%E4%B8%8A%E8%90%AC%E5%BC%B5-113000376.html,Yahoo奇摩股市,外資敲爆聯電3.7萬張衝冠軍！再掃「這4檔」上萬張網：感謝00940出清 - Yahoo奇摩股市,0,1
2024-05-27 04:24:41,2303,https://tw.stock.yahoo.com/news/%E8%82%A1%E5%83%B9%E9%A3%86%E9%AB%98%E9%80%BC%E8%BF%9158%E5%85%83-%E8%81%AF%E9%9B%BB%E6%97%A9%E7%9B%A4%E5%99%B4%E6%BC%B26-%E7%B6%B2%E5%97%A8-%E7%B5%82%E6%96%BC%E7%A1%AC%E4%BA%86-032500128.html,Yahoo奇摩股市,股價飆高逼近58元！聯電早盤噴漲6% 網嗨：終於硬了 - Yahoo奇摩股市,0,1
2024-05-30 03:27:28,2303,https://tw.stock.yahoo.com/news/%E8%81%AF%E9%9B%BB%E6%94%9C%E6%89%8Bintel%E6%90%B6%E6%94%BB%E7%89%B9%E6%AE%8A%E8%A3%BD%E7%A8%8B-12nm-finfet%E6%98%AF%E6%9C%AA%E4%BE%86%E9%97%9C%E9%8D%B5-030800344.html,Yahoo奇摩股市,聯電攜手Intel搶攻特殊製程12nm FinFET是未來關鍵 - Yahoo奇摩股市,0,1
2024-05-30 03:35:12,2303,https://tw.stock.yahoo.com/news/%E4%B8%8D%E7%94%A8%E6%8E%92%E9%9A%8A%EF%BC%81%E8%81%AF%E9%9B%BB%E8%82%A1%E6%9D%B1%E6%9C%83%E7%B4%80%E5%BF%B5%E5%93%81-%E7%B6%B2%E8%B7%AF%E5%90%AB%E9%81%8B%E7%99%BE%E5%85%83%E6%9C%89%E6%89%BE-033033140.html,Yahoo奇摩股市,不用排隊！聯電股東會紀念品網路含運百元有找 - Yahoo奇摩股市,0,1
2024-05-30 12:09:37,2303,https://tw.stock.yahoo.com/news/%E8%81%AF%E9%9B%BB%E4%B8%8B%E5%8D%8A%E5%B9%B4%E7%87%9F%E9%81%8B%E5%A5%BD%E8%BD%89-%E8%BD%89%E5%96%AE%E6%95%88%E7%9B%8A%E4%BC%B0%E7%9F%AD%E6%9C%9F%E4%B8%8D%E6%98%8E%E9%A1%AF-120937960.html,Yahoo奇摩股市,聯電下半年營運好轉轉單效益估短期不明顯 - Yahoo奇摩股市,0,1
2024-06-06 08:30:00,2303,https://tw.stock.yahoo.com/news/%E4%BA%8C%E5%93%A5%E7%A9%A9%E5%B0%B1%E5%A5%BD-%E8%81%AF%E9%9B%BB5%E6%9C%88%E7%87%9F%E6%94%B6-%E6%9C%88%E6%B8%9B1-17-%E5%B9%B4%E5%A2%9E3-083000271.html,Yahoo奇摩股市,二哥穩就好！聯電5月營收「月減1.17%、年增3.89%」 網：滿滿高股息卡位 - Yahoo奇摩股市,0,1
2024-06-06 20:10:00,2303,https://tw.stock.yahoo.com/news/%E8%81%AF%E9%9B%BB5%E6%9C%88%E7%87%9F%E6%94%B6-%E5%AF%AB15%E5%80%8B%E6%9C%88%E6%AC%A1%E9%AB%98-201000688.html,Yahoo奇摩股市,聯電5月營收寫15個月次高 - Yahoo奇摩股市,0,1
2024-06-12 09:05:44,2303,https://tw.stock.yahoo.com/news/00919%E6%9C%80%E6%96%B0%E5%8D%81%E5%A4%A7%E6%88%90%E5%88%86%E8%82%A1%E5%87%BA%E7%88%90%EF%BC%81-%E8%81%AF%E9%9B%BB%E8%AE%8A%E7%AC%AC%E4%B8%80-090544925.html,Yahoo奇摩股市,00919最新十大成分股出爐！ 聯電變第一 - Yahoo奇摩股市,0,1
2024-06-27 23:30:00,2303,https://tw.stock.yahoo.com/news/%E7%88%AD%E5%AF%B5%E5%A4%B1%E6%95%97-%E5%A4%96%E8%B3%87%E5%81%8F%E5%BF%83%E5%A4%A7%E7%A0%8D-%E9%80%99%E6%AA%94-4-1%E8%90%AC%E5%BC%B5-233000324.html,Yahoo奇摩股市,爭寵失敗？外資偏心大砍「這檔」4.1萬張！比聯電還慘 - Yahoo奇摩股市,0,1
2024-07-01 11:01:34,2303,https://tw.stock.yahoo.com/news/%E9%B4%BB%E6%B5%B7-%E8%81%AF%E9%9B%BB%E7%AD%8915%E6%AA%94%E6%98%8E%E9%99%A4%E6%81%AF-%E5%A4%A7%E7%9B%A4%E4%BC%B0%E8%92%B8%E7%99%BC38-57%E9%BB%9E-110134334.html,Yahoo奇摩股市,鴻海、聯電等15檔明除息大盤估蒸發38.57點 - Yahoo奇摩股市,0,1
2024-07-02 07:22:00,2303,https://tw.stock.yahoo.com/news/%E8%A2%AB%E8%B2%BC%E6%88%90%E7%AC%AC-%E6%99%B6%E5%9C%93%E8%81%AF%E9%9B%BB-%E6%88%90%E4%BA%A4%E9%87%8F%E7%88%8623-6%E8%90%AC%E5%BC%B5-%E6%91%98%E9%87%91-072200970.html,Yahoo奇摩股市,被貼成第一！晶圓聯電「成交量爆23.6萬張」摘金鴻海、台積電慘收綠...網嘲：海南G套餐 - Yahoo奇摩股市,0,1
2024-07-02 10:05:00,2303,https://tw.stock.yahoo.com/news/%E8%B2%BC%E6%81%AF%E7%B6%A0%E7%87%88%E4%BF%A0%E4%BF%B1%E6%A8%82%E9%83%A8-%E9%B4%BB%E6%B5%B7-%E8%81%AF%E9%9B%BB%E7%AD%89-15%E5%AE%B6%E9%99%A4%E6%81%AF%E9%A6%96%E6%97%A5-%E6%94%B6%E7%9B%A4%E7%8B%80%E6%B3%81-100500445.html,Yahoo奇摩股市,貼息綠燈俠俱樂部？鴻海、聯電等「15家除息首日」收盤狀況一次看 - Yahoo奇摩股市,0,1
2024-07-03 10:40:00,2303,https://tw.stock.yahoo.com/news/%E8%81%AF%E9%9B%BB%E9%82%84%E5%9C%A8%E7%9D%A1-%E8%87%AA%E7%87%9F%E5%95%86%E5%8F%8D%E6%89%8B-%E6%8B%8B%E5%AE%838%E5%8D%83%E5%BC%B5-%E8%82%A1%E5%83%B9%E6%8C%81%E5%B9%B3-%E7%B6%B2-104000528.html,Yahoo奇摩股市,聯電還在睡！自營商反手「拋它8千張」股價持平 網：繼續躺沒關係 - Yahoo奇摩股市,0,1
2024-07-04 10:30:00,2303,https://tw.stock.yahoo.com/news/%E8%81%AF%E9%9B%BB%E4%B8%8D%E6%98%AF%E6%9C%80%E6%85%98-%E8%87%AA%E7%87%9F%E5%95%86%E6%8B%8B%E6%A3%84-%E9%80%99%E6%AA%94-%E7%88%86%E4%B8%9F5%E5%8D%83%E5%BC%B5-%E9%81%94%E6%96%B9%E9%87%8D%E6%91%945-103000415.html,Yahoo奇摩股市,聯電不是最慘！自營商拋棄「這檔」爆丟5千張達方重摔5.8%也被狂賣 - Yahoo奇摩股市,0,1
2024-07-04 14:41:00,2303,https://tw.stock.yahoo.com/news/%E8%BF%914%E5%80%8B%E6%9C%88%E6%9C%80%E4%BD%8E-%E8%81%AF%E9%9B%BB6%E6%9C%88%E7%87%9F%E6%94%B6175-48%E5%84%84%E5%85%83-%E5%B9%B4%E6%9C%88%E9%9B%99%E6%B8%9B-%E7%B6%B2-144100811.html,Yahoo奇摩股市,近4個月最低！聯電6月營收175.48億元「年月雙減」 網：已不能叫二哥了 - Yahoo奇摩股市,0,1
2024-07-08 20:10:00,2303,https://tw.stock.yahoo.com/news/%E6%97%BA%E5%AD%A3%E5%88%B0-%E8%81%AF%E7%99%BC%E7%A7%91-%E8%81%AF%E9%9B%BB%E6%AC%8A%E8%AD%89%E9%96%83%E4%BA%AE-201000381.html,Yahoo奇摩股市,旺季到聯發科、聯電權證閃亮 - Yahoo奇摩股市,0,1
2024-07-09 01:34:28,2303,https://tw.stock.yahoo.com/news/%E8%B4%8F%E9%81%8E%E9%B4%BB%E6%B5%B7-%E8%81%AF%E9%9B%BB-%E9%80%99%E6%B8%AC%E8%A9%A6%E5%BB%A0-%E6%BC%B2%E5%81%9C%E6%B9%A72-8%E8%90%AC%E5%BC%B5%E5%A4%A7%E9%87%8F-003000286.html,Yahoo奇摩股市,贏過鴻海、聯電！「這測試廠」漲停湧2.8萬張大量獨登量價雙增王 - Yahoo奇摩股市,0,1
2024-07-16 11:45:00,2303,https://tw.stock.yahoo.com/news/00900%E5%A4%A7%E6%8F%9B%E8%A1%80-30%E6%AA%94%E6%88%90%E5%88%86%E8%82%A1%E5%83%85%E7%95%99-2%E8%80%81%E5%B0%87-%E9%B4%BB%E6%B5%B7-%E8%81%AF%E9%9B%BB-114500569.html,Yahoo奇摩股市,00900大換血！30檔成分股僅留「2老將」 鴻海、聯電、長榮28名老兵全被踢出 - Yahoo奇摩股市,0,1
