,date,stock_id,link,source,title
0,2023-01-02 08:00:00,2642,https://news.google.com/rss/articles/CBMiJmh0dHBzOi8vbmV3cy5jbnllcy5jb20vbmV3cy9pZC81MDUxMDI30gEA?oc=5,Anue鉅亨,盤中速報- 宅配通(2642)急拉2.01%報50.1元，成交15張| Anue鉅亨 ... - Anue鉅亨
1,2023-01-03 01:05:09,2642,https://news.google.com/__i/rss/rd/articles/CBMiJmh0dHBzOi8vbmV3cy5jbnllcy5jb20vbmV3cy9pZC81MDUxMDI30gEA?oc=5,Anue鉅亨,盤中速報- 宅配通(2642)急拉2.01%報50.1元，成交15張| Anue鉅亨 ... - Anue鉅亨
2,2023-01-03 01:05:09,2642,https://news.google.com/__i/rss/rd/articles/CBMiJmh0dHBzOi8vbmV3cy5jbnllcy5jb20vbmV3cy9pZC81MDUxMDI30gEA?oc=5,Anue鉅亨,盤中速報- 宅配通(2642)急拉2.01%報50.1元，成交15張| Anue鉅亨- 台股盤中 - Anue鉅亨
3,2023-01-03 02:04:23,2642,https://news.google.com/__i/rss/rd/articles/CBMihQFodHRwczovL3R3Lm5ld3MueWFob28uY29tLyVFNyU5QiVBNCVFNCVCOCVBRCVFOSU4MCU5RiVFNSVBMCVCMS0lRTUlQUUlODUlRTklODUlOEQlRTklODAlOUEtMjY0Mi0lRTYlODAlQTUlRTYlOEIlODkyLTAxLTAxMDUwOTgzMS5odG1s0gGNAWh0dHBzOi8vdHcubmV3cy55YWhvby5jb20vYW1waHRtbC8lRTclOUIlQTQlRTQlQjglQUQlRTklODAlOUYlRTUlQTAlQjEtJUU1JUFFJTg1JUU5JTg1JThEJUU5JTgwJTlBLTI2NDItJUU2JTgwJUE1JUU2JThCJTg5Mi0wMS0wMTA1MDk4MzEuaHRtbA?oc=5,Yahoo奇摩新聞,盤中速報 - 宅配通(2642)急拉2.01%報50.1元，成交15張 - Yahoo奇摩新聞
4,2023-01-03 08:00:00,2642,https://news.google.com/rss/articles/CBMiJmh0dHBzOi8vbmV3cy5jbnllcy5jb20vbmV3cy9pZC81MDUxMDI30gEA?oc=5,Anue鉅亨,盤中速報- 宅配通(2642)急拉2.01%報50.1元，成交15張| Anue鉅亨 ... - Anue鉅亨
5,2023-01-04 08:00:00,2642,https://news.google.com/__i/rss/rd/articles/CBMiJmh0dHBzOi8vbmV3cy5jbnllcy5jb20vbmV3cy9pZC81MDUzNDIx0gEA?oc=5,Anue鉅亨,盤中速報- 宅配通(2642)急拉2.59%報51.4元，成交70張| Anue鉅亨 ... - Anue鉅亨
6,2023-01-04 08:00:00,2642,https://news.google.com/rss/articles/CBMirwFodHRwczovL3R3LnN0b2NrLnlhaG9vLmNvbS9uZXdzLyVFNyU5QiVBNCVFNCVCOCVBRCVFOSU4MCU5RiVFNSVBMCVCMS0lRTUlQUUlODUlRTklODUlOEQlRTklODAlOUEtMjY0Mi0lRTglODIlQTElRTUlODMlQjklRTUlQTQlQTclRTYlQkMlQjIlRTglODclQjM1My0wJUU1JTg1JTgzLTAxMzQyMzE2My5odG1s0gG3AWh0dHBzOi8vdHcuc3RvY2sueWFob28uY29tL2FtcGh0bWwvbmV3cy8lRTclOUIlQTQlRTQlQjglQUQlRTklODAlOUYlRTUlQTAlQjEtJUU1JUFFJTg1JUU5JTg1JThEJUU5JTgwJTlBLTI2NDItJUU4JTgyJUExJUU1JTgzJUI5JUU1JUE0JUE3JUU2JUJDJUIyJUU4JTg3JUIzNTMtMCVFNSU4NSU4My0wMTM0MjMxNjMuaHRtbA?oc=5,Yahoo奇摩股市,盤中速報 - 宅配通(2642)股價大漲至53.0元，漲幅達7.07% - Yahoo奇摩股市
7,2023-01-04 08:00:00,2642,https://news.google.com/rss/articles/CBMihQFodHRwczovL3R3Lm5ld3MueWFob28uY29tLyVFNyU5QiVBNCVFNCVCOCVBRCVFOSU4MCU5RiVFNSVBMCVCMS0lRTUlQUUlODUlRTklODUlOEQlRTklODAlOUEtMjY0Mi0lRTYlODAlQTUlRTYlOEIlODkyLTU5LTAxMTgyNzM1Ni5odG1s0gGNAWh0dHBzOi8vdHcubmV3cy55YWhvby5jb20vYW1waHRtbC8lRTclOUIlQTQlRTQlQjglQUQlRTklODAlOUYlRTUlQTAlQjEtJUU1JUFFJTg1JUU5JTg1JThEJUU5JTgwJTlBLTI2NDItJUU2JTgwJUE1JUU2JThCJTg5Mi01OS0wMTE4MjczNTYuaHRtbA?oc=5,Yahoo奇摩新聞,盤中速報 - 宅配通(2642)急拉2.59%報51.4元，成交70張 - Yahoo奇摩新聞
8,2023-01-04 08:00:00,2642,https://news.google.com/rss/articles/CBMiqQFodHRwczovL3R3Lm5ld3MueWFob28uY29tLyVFNyU5QiVBNCVFNCVCOCVBRCVFOSU4MCU5RiVFNSVBMCVCMS0lRTUlQUUlODUlRTklODUlOEQlRTklODAlOUEtMjY0Mi0lRTglODIlQTElRTUlODMlQjklRTUlQTQlQTclRTYlQkMlQjIlRTglODclQjM1My0wJUU1JTg1JTgzLTAxMzQyMzE2My5odG1s0gGxAWh0dHBzOi8vdHcubmV3cy55YWhvby5jb20vYW1waHRtbC8lRTclOUIlQTQlRTQlQjglQUQlRTklODAlOUYlRTUlQTAlQjEtJUU1JUFFJTg1JUU5JTg1JThEJUU5JTgwJTlBLTI2NDItJUU4JTgyJUExJUU1JTgzJUI5JUU1JUE0JUE3JUU2JUJDJUIyJUU4JTg3JUIzNTMtMCVFNSU4NSU4My0wMTM0MjMxNjMuaHRtbA?oc=5,Yahoo奇摩新聞,盤中速報 - 宅配通(2642)股價大漲至53.0元，漲幅達7.07% - Yahoo奇摩新聞
9,2023-01-04 08:00:00,2642,https://news.google.com/rss/articles/CBMiJmh0dHBzOi8vbmV3cy5jbnllcy5jb20vbmV3cy9pZC81MDUzNDcz0gEA?oc=5,Anue鉅亨,盤中速報- 宅配通(2642)股價大漲至53.0元，漲幅達7.07% | Anue鉅亨 ... - Anue鉅亨
10,2023-01-04 08:00:00,2642,https://news.google.com/rss/articles/CBMiJmh0dHBzOi8vbmV3cy5jbnllcy5jb20vbmV3cy9pZC81MDUzOTkz0gEA?oc=5,Anue鉅亨,【新台股龍捲風】月線反壓如何突破?【儲能+軍工】持續輪攻，【還稅於民】宅配通開飆| Anue鉅亨- 台股新聞 - Anue鉅亨
11,2023-01-05 01:18:27,2642,https://news.google.com/__i/rss/rd/articles/CBMiJmh0dHBzOi8vbmV3cy5jbnllcy5jb20vbmV3cy9pZC81MDUzNDIx0gEA?oc=5,Anue鉅亨,盤中速報- 宅配通(2642)急拉2.59%報51.4元，成交70張| Anue鉅亨 ... - Anue鉅亨
12,2023-01-05 01:18:27,2642,https://news.google.com/__i/rss/rd/articles/CBMiJmh0dHBzOi8vbmV3cy5jbnllcy5jb20vbmV3cy9pZC81MDUzNDIx0gEA?oc=5,Anue鉅亨,盤中速報- 宅配通(2642)急拉2.59%報51.4元，成交70張| Anue鉅亨- 台股盤中 - Anue鉅亨
13,2023-01-05 01:34:23,2642,https://news.google.com/__i/rss/rd/articles/CBMiJmh0dHBzOi8vbmV3cy5jbnllcy5jb20vbmV3cy9pZC81MDUzNDcz0gEA?oc=5,Anue鉅亨,盤中速報- 宅配通(2642)股價大漲至53.0元，漲幅達7.07% | Anue鉅亨- 台股盤中 - Anue鉅亨
14,2023-01-05 02:04:12,2642,https://news.google.com/__i/rss/rd/articles/CBMihQFodHRwczovL3R3Lm5ld3MueWFob28uY29tLyVFNyU5QiVBNCVFNCVCOCVBRCVFOSU4MCU5RiVFNSVBMCVCMS0lRTUlQUUlODUlRTklODUlOEQlRTklODAlOUEtMjY0Mi0lRTYlODAlQTUlRTYlOEIlODkyLTU5LTAxMTgyNzM1Ni5odG1s0gGNAWh0dHBzOi8vdHcubmV3cy55YWhvby5jb20vYW1waHRtbC8lRTclOUIlQTQlRTQlQjglQUQlRTklODAlOUYlRTUlQTAlQjEtJUU1JUFFJTg1JUU5JTg1JThEJUU5JTgwJTlBLTI2NDItJUU2JTgwJUE1JUU2JThCJTg5Mi01OS0wMTE4MjczNTYuaHRtbA?oc=5,Yahoo奇摩新聞,盤中速報 - 宅配通(2642)急拉2.59%報51.4元，成交70張 - Yahoo奇摩新聞
15,2023-01-05 02:23:46,2642,https://news.google.com/__i/rss/rd/articles/CBMiqQFodHRwczovL3R3Lm5ld3MueWFob28uY29tLyVFNyU5QiVBNCVFNCVCOCVBRCVFOSU4MCU5RiVFNSVBMCVCMS0lRTUlQUUlODUlRTklODUlOEQlRTklODAlOUEtMjY0Mi0lRTglODIlQTElRTUlODMlQjklRTUlQTQlQTclRTYlQkMlQjIlRTglODclQjM1My0wJUU1JTg1JTgzLTAxMzQyMzE2My5odG1s0gGxAWh0dHBzOi8vdHcubmV3cy55YWhvby5jb20vYW1waHRtbC8lRTclOUIlQTQlRTQlQjglQUQlRTklODAlOUYlRTUlQTAlQjEtJUU1JUFFJTg1JUU5JTg1JThEJUU5JTgwJTlBLTI2NDItJUU4JTgyJUExJUU1JTgzJUI5JUU1JUE0JUE3JUU2JUJDJUIyJUU4JTg3JUIzNTMtMCVFNSU4NSU4My0wMTM0MjMxNjMuaHRtbA?oc=5,Yahoo奇摩新聞,盤中速報 - 宅配通(2642)股價大漲至53.0元，漲幅達7.07% - Yahoo奇摩新聞
16,2023-01-05 08:00:00,2642,https://news.google.com/__i/rss/rd/articles/CBMiJmh0dHBzOi8vbmV3cy5jbnllcy5jb20vbmV3cy9pZC81MDU1MTgz0gEqaHR0cHM6Ly9hbXAtbmV3cy5jbnllcy5jb20vbmV3cy9pZC81MDU1MTgz?oc=5,Anue鉅亨,宅配通:澄清報導非本公司營業所發生火災 - Anue鉅亨
17,2023-01-05 08:00:00,2642,https://news.google.com/__i/rss/rd/articles/CBMiJmh0dHBzOi8vbmV3cy5jbnllcy5jb20vbmV3cy9pZC81MDU0NTgx0gEA?oc=5,Anue鉅亨,盤中速報- 宅配通(2642)急跌-2.87%報54.1元，成交800張 - Anue鉅亨
18,2023-01-05 08:00:00,2642,https://news.google.com/rss/articles/CBMigwFodHRwczovL3R3Lm5ld3MueWFob28uY29tLyVFNyU5QiVBNCVFNCVCOCVBRCVFOSU4MCU5RiVFNSVBMCVCMS0lRTUlQUUlODUlRTklODUlOEQlRTklODAlOUEtMjY0Mi0lRTYlODAlQTUlRTglQjclOEMtMi0wMTAyMjQzMDUuaHRtbNIBiwFodHRwczovL3R3Lm5ld3MueWFob28uY29tL2FtcGh0bWwvJUU3JTlCJUE0JUU0JUI4JUFEJUU5JTgwJTlGJUU1JUEwJUIxLSVFNSVBRSU4NSVFOSU4NSU4RCVFOSU4MCU5QS0yNjQyLSVFNiU4MCVBNSVFOCVCNyU4Qy0yLTAxMDIyNDMwNS5odG1s?oc=5,Yahoo奇摩新聞,盤中速報 - 宅配通(2642)急跌-2.87%報54.1元，成交800張 - Yahoo奇摩新聞
19,2023-01-05 08:00:00,2642,https://news.google.com/rss/articles/CBMiyQFodHRwczovL3R3LnN0b2NrLnlhaG9vLmNvbS9uZXdzLyVFNSU4NSVBQyVFNSU5MSU4QS0lRTYlQkUlODQlRTYlQjglODUlRTUlQTAlQjElRTUlQjAlOEUlRTklOUQlOUUlRTUlQUUlODUlRTklODUlOEQlRTklODAlOUElRTclODclOUYlRTYlQTUlQUQlRTYlODklODAlRTclOTklQkMlRTclOTQlOUYlRTclODElQUIlRTclODElQkQtMDcyNjExNTQ2Lmh0bWzSAdEBaHR0cHM6Ly90dy5zdG9jay55YWhvby5jb20vYW1waHRtbC9uZXdzLyVFNSU4NSVBQyVFNSU5MSU4QS0lRTYlQkUlODQlRTYlQjglODUlRTUlQTAlQjElRTUlQjAlOEUlRTklOUQlOUUlRTUlQUUlODUlRTklODUlOEQlRTklODAlOUElRTclODclOUYlRTYlQTUlQUQlRTYlODklODAlRTclOTklQkMlRTclOTQlOUYlRTclODElQUIlRTclODElQkQtMDcyNjExNTQ2Lmh0bWw?oc=5,Yahoo奇摩股市,【公告】澄清報導非宅配通營業所發生火災 - Yahoo奇摩股市
20,2023-01-05 08:00:00,2642,https://news.google.com/rss/articles/CBMiJmh0dHBzOi8vbmV3cy5jbnllcy5jb20vbmV3cy9pZC81MDU0NTgx0gEA?oc=5,Anue鉅亨,盤中速報- 宅配通(2642)急跌-2.87%報54.1元，成交800張| Anue鉅亨 ... - Anue鉅亨
21,2023-01-05 08:00:00,2642,https://news.google.com/rss/articles/CBMigwFodHRwczovL3R3Lm5ld3MueWFob28uY29tLyVFNyU5QiVBNCVFNCVCOCVBRCVFOSU4MCU5RiVFNSVBMCVCMS0lRTUlQUUlODUlRTklODUlOEQlRTklODAlOUEtMjY0Mi0lRTYlODAlQTUlRTglQjclOEMtMi0wMTAyMjQzMDUuaHRtbNIBAA?oc=5,Yahoo奇摩新聞,盤中速報- 宅配通(2642)急跌-2.87%報54.1元，成交800張 - Yahoo奇摩新聞
22,2023-01-05 08:00:00,2642,https://news.google.com/rss/articles/CBMizQFodHRwczovL3R3LnlhaG9vLmNvbS90cmVuZHIvY25hLmNvbS8lRTUlODUlQUMlRTUlOTElOEEtJUU2JUJFJTg0JUU2JUI4JTg1JUU1JUEwJUIxJUU1JUIwJThFJUU5JTlEJTlFJUU1JUFFJTg1JUU5JTg1JThEJUU5JTgwJTlBJUU3JTg3JTlGJUU2JUE1JUFEJUU2JTg5JTgwJUU3JTk5JUJDJUU3JTk0JTlGJUU3JTgxJUFCJUU3JTgxJUJELTA3MjYxMTU0Ni5odG1s0gEA?oc=5,Yahoo奇摩,【公告】澄清報導非宅配通營業所發生火災 - Yahoo奇摩
23,2023-01-06 01:02:24,2642,https://news.google.com/__i/rss/rd/articles/CBMiJmh0dHBzOi8vbmV3cy5jbnllcy5jb20vbmV3cy9pZC81MDU0NTgx0gEA?oc=5,Anue鉅亨,盤中速報- 宅配通(2642)急跌-2.87%報54.1元，成交800張| Anue鉅亨- 台股盤中 - Anue鉅亨
24,2023-01-06 01:02:24,2642,https://news.google.com/__i/rss/rd/articles/CBMiS2h0dHBzOi8vbW9uZXkudWRuLmNvbS9tb25leS9zdG9yeS81NzEwLzY3NjQ3NDU_ZnJvbT1lZG5fcmVsYXRlZF9zdG9yeWJvdHRvbdIBMmh0dHBzOi8vbW9uZXkudWRuLmNvbS9tb25leS9hbXAvc3RvcnkvNTcxMC82NzY0NzQ1?oc=5,Anue鉅亨,盤中速報- 宅配通(2642)急跌-2.87%報54.1元，成交800張| Anue鉅亨 ... - Anue鉅亨
25,2023-01-06 01:58:38,2642,https://news.google.com/__i/rss/rd/articles/CBMigwFodHRwczovL3R3Lm5ld3MueWFob28uY29tLyVFNyU5QiVBNCVFNCVCOCVBRCVFOSU4MCU5RiVFNSVBMCVCMS0lRTUlQUUlODUlRTklODUlOEQlRTklODAlOUEtMjY0Mi0lRTYlODAlQTUlRTglQjclOEMtMi0wMTAyMjQzMDUuaHRtbNIBiwFodHRwczovL3R3Lm5ld3MueWFob28uY29tL2FtcGh0bWwvJUU3JTlCJUE0JUU0JUI4JUFEJUU5JTgwJTlGJUU1JUEwJUIxLSVFNSVBRSU4NSVFOSU4NSU4RCVFOSU4MCU5QS0yNjQyLSVFNiU4MCVBNSVFOCVCNyU4Qy0yLTAxMDIyNDMwNS5odG1s?oc=5,Yahoo奇摩新聞,盤中速報 - 宅配通(2642)急跌-2.87%報54.1元，成交800張 - Yahoo奇摩新聞
26,2023-01-06 07:37:10,2642,https://news.google.com/__i/rss/rd/articles/CBMiyQFodHRwczovL3R3LnN0b2NrLnlhaG9vLmNvbS9uZXdzLyVFNSU4NSVBQyVFNSU5MSU4QS0lRTYlQkUlODQlRTYlQjglODUlRTUlQTAlQjElRTUlQjAlOEUlRTklOUQlOUUlRTUlQUUlODUlRTklODUlOEQlRTklODAlOUElRTclODclOUYlRTYlQTUlQUQlRTYlODklODAlRTclOTklQkMlRTclOTQlOUYlRTclODElQUIlRTclODElQkQtMDcyNjExNTQ2Lmh0bWzSAdEBaHR0cHM6Ly90dy5zdG9jay55YWhvby5jb20vYW1waHRtbC9uZXdzLyVFNSU4NSVBQyVFNSU5MSU4QS0lRTYlQkUlODQlRTYlQjglODUlRTUlQTAlQjElRTUlQjAlOEUlRTklOUQlOUUlRTUlQUUlODUlRTklODUlOEQlRTklODAlOUElRTclODclOUYlRTYlQTUlQUQlRTYlODklODAlRTclOTklQkMlRTclOTQlOUYlRTclODElQUIlRTclODElQkQtMDcyNjExNTQ2Lmh0bWw?oc=5,Yahoo奇摩股市,【公告】澄清報導非宅配通營業所發生火災 - Yahoo奇摩股市
27,2023-01-06 08:00:00,2642,https://news.google.com/rss/articles/CBMiyQFodHRwczovL3R3LnN0b2NrLnlhaG9vLmNvbS9uZXdzLyVFNSU4NSVBQyVFNSU5MSU4QS0lRTYlQkUlODQlRTYlQjglODUlRTUlQTAlQjElRTUlQjAlOEUlRTklOUQlOUUlRTUlQUUlODUlRTklODUlOEQlRTklODAlOUElRTclODclOUYlRTYlQTUlQUQlRTYlODklODAlRTclOTklQkMlRTclOTQlOUYlRTclODElQUIlRTclODElQkQtMDcyNjExNTQ2Lmh0bWzSAdEBaHR0cHM6Ly90dy5zdG9jay55YWhvby5jb20vYW1waHRtbC9uZXdzLyVFNSU4NSVBQyVFNSU5MSU4QS0lRTYlQkUlODQlRTYlQjglODUlRTUlQTAlQjElRTUlQjAlOEUlRTklOUQlOUUlRTUlQUUlODUlRTklODUlOEQlRTklODAlOUElRTclODclOUYlRTYlQTUlQUQlRTYlODklODAlRTclOTklQkMlRTclOTQlOUYlRTclODElQUIlRTclODElQkQtMDcyNjExNTQ2Lmh0bWw?oc=5,Yahoo奇摩股市,【公告】澄清報導非宅配通營業所發生火災 - Yahoo奇摩股市
28,2023-01-06 08:00:00,2642,https://news.google.com/rss/articles/CBMizQFodHRwczovL3R3LnlhaG9vLmNvbS90cmVuZHIvY25hLmNvbS8lRTUlODUlQUMlRTUlOTElOEEtJUU2JUJFJTg0JUU2JUI4JTg1JUU1JUEwJUIxJUU1JUIwJThFJUU5JTlEJTlFJUU1JUFFJTg1JUU5JTg1JThEJUU5JTgwJTlBJUU3JTg3JTlGJUU2JUE1JUFEJUU2JTg5JTgwJUU3JTk5JUJDJUU3JTk0JTlGJUU3JTgxJUFCJUU3JTgxJUJELTA3MjYxMTU0Ni5odG1s0gEA?oc=5,Yahoo奇摩,【公告】澄清報導非宅配通營業所發生火災 - Yahoo奇摩
29,2023-01-07 08:51:04,2642,https://news.google.com/__i/rss/rd/articles/CBMiwwFodHRwczovL3R3LnN0b2NrLnlhaG9vLmNvbS9uZXdzLyVFNSU4NSVBQyVFNSU5MSU4QS0lRTUlQUUlODUlRTklODUlOEQlRTklODAlOUEtMjAyMiVFNSVCOSVCNDEyJUU2JTlDJTg4JUU1JTkwJTg4JUU0JUJEJUI1JUU3JTg3JTlGJUU2JTk0JUI2My03MyVFNSU4NCU4NCVFNSU4NSU4My0lRTUlQjklQjQlRTUlQTIlOUUtMDg1MTA0MDI3Lmh0bWzSAcsBaHR0cHM6Ly90dy5zdG9jay55YWhvby5jb20vYW1waHRtbC9uZXdzLyVFNSU4NSVBQyVFNSU5MSU4QS0lRTUlQUUlODUlRTklODUlOEQlRTklODAlOUEtMjAyMiVFNSVCOSVCNDEyJUU2JTlDJTg4JUU1JTkwJTg4JUU0JUJEJUI1JUU3JTg3JTlGJUU2JTk0JUI2My03MyVFNSU4NCU4NCVFNSU4NSU4My0lRTUlQjklQjQlRTUlQTIlOUUtMDg1MTA0MDI3Lmh0bWw?oc=5,Yahoo奇摩股市,【公告】宅配通 2022年12月合併營收3.73億元 年增-0.79% - Yahoo奇摩股市
30,2023-02-23 08:00:00,2642,https://news.google.com/rss/articles/CBMiJmh0dHBzOi8vbmV3cy5jbnllcy5jb20vbmV3cy9pZC81MDk1NzM20gEqaHR0cHM6Ly9hbXAtbmV3cy5jbnllcy5jb20vbmV3cy9pZC81MDk1NzM2?oc=5,Anue鉅亨,宅配通:本公司董事會決議召開股東常會 - Anue鉅亨
31,2023-02-23 08:00:00,2642,https://news.google.com/rss/articles/CBMiJmh0dHBzOi8vbmV3cy5jbnllcy5jb20vbmV3cy9pZC81MDk1NzM30gEqaHR0cHM6Ly9hbXAtbmV3cy5jbnllcy5jb20vbmV3cy9pZC81MDk1NzM3?oc=5,Anue鉅亨,宅配通:董事會決議股利分派 - Anue鉅亨
32,2023-02-23 08:00:00,2642,https://news.google.com/rss/articles/CBMiJmh0dHBzOi8vbmV3cy5jbnllcy5jb20vbmV3cy9pZC81MDk1NzM10gEqaHR0cHM6Ly9hbXAtbmV3cy5jbnllcy5jb20vbmV3cy9pZC81MDk1NzM1?oc=5,Anue鉅亨,宅配通:公告本公司於董事會提報111年第四季合併財務報告 - Anue鉅亨
33,2023-02-23 08:00:00,2642,https://news.google.com/rss/articles/CBMiJmh0dHBzOi8vbmV3cy5jbnllcy5jb20vbmV3cy9pZC81MDk1NzM30gEA?oc=5,Anue鉅亨,宅配通:董事會決議股利分派| Anue鉅亨- 台股公告 - Anue鉅亨
34,2023-02-23 08:00:00,2642,https://news.google.com/rss/articles/CBMiWGh0dHBzOi8vd3d3Lm1vbmV5ZGouY29tL2ttZGovbmV3cy9uZXdzdmlld2VyLmFzcHg_YT0yNWUzY2NmYS04ZDY2LTQyNWItYTA0OS05ZmM0MTAyMDk2ZDjSAQA?oc=5,MoneyDJ理財網,宅配通股利：現金1.5元 - 新聞 - MoneyDJ理財網
35,2023-02-23 08:00:00,2642,https://news.google.com/rss/articles/CBMiWGh0dHBzOi8vd3d3Lm1vbmV5ZGouY29tL2ttZGovbmV3cy9uZXdzdmlld2VyLmFzcHg_YT0yNWUzY2NmYS04ZDY2LTQyNWItYTA0OS05ZmM0MTAyMDk2ZDjSAQA?oc=5,MoneyDJ理財網,宅配通股利：現金1.5元- 新聞 - MoneyDJ理財網
36,2023-02-23 08:00:00,2642,https://news.google.com/rss/articles/CBMirgFodHRwczovL3R3LnlhaG9vLmNvbS9zdG9jay9uZXdzLyVFNSU4NSVBQyVFNSU5MSU4QS0lRTUlQUUlODUlRTklODUlOEQlRTklODAlOUElRTglOTElQTMlRTQlQkElOEIlRTYlOUMlODMlRTYlQjElQkElRTglQUQlQjAlRTglODIlQTElRTUlODglQTklRTUlODglODYlRTYlQjQlQkUtMTEzNDQxODY4Lmh0bWzSAQA?oc=5,Yahoo奇摩,【公告】宅配通董事會決議股利分派 - Yahoo奇摩
37,2023-02-23 11:01:41,2642,https://news.google.com/rss/articles/CBMiKWh0dHBzOi8vbS5jbnllcy5jb20vbmV3cy9pZC81MDk1NzM1P2V4cD1h0gEqaHR0cHM6Ly9hbXAtbmV3cy5jbnllcy5jb20vbmV3cy9pZC81MDk1NzM1?oc=5,鉅亨網,宅配通:公告本公司於董事會提報111年第四季合併財務報告 - 鉅亨網
38,2023-02-23 11:01:41,2642,https://news.google.com/rss/articles/CBMiJmh0dHBzOi8vbmV3cy5jbnllcy5jb20vbmV3cy9pZC81MDk1NzM10gEqaHR0cHM6Ly9hbXAtbmV3cy5jbnllcy5jb20vbmV3cy9pZC81MDk1NzM1?oc=5,Anue鉅亨,宅配通:公告本公司於董事會提報111年第四季合併財務報告 - Anue鉅亨
39,2023-02-23 11:03:53,2642,https://news.google.com/rss/articles/CBMiJmh0dHBzOi8vbmV3cy5jbnllcy5jb20vbmV3cy9pZC81MDk1NzM20gEqaHR0cHM6Ly9hbXAtbmV3cy5jbnllcy5jb20vbmV3cy9pZC81MDk1NzM2?oc=5,Anue鉅亨,宅配通:本公司董事會決議召開股東常會 - Anue鉅亨
40,2023-02-23 11:19:04,2642,https://news.google.com/rss/articles/CBMiJmh0dHBzOi8vbmV3cy5jbnllcy5jb20vbmV3cy9pZC81MDk1NzM30gEqaHR0cHM6Ly9hbXAtbmV3cy5jbnllcy5jb20vbmV3cy9pZC81MDk1NzM3?oc=5,Anue鉅亨,宅配通:董事會決議股利分派 - Anue鉅亨
41,2023-05-09 07:00:00,2642,https://news.google.com/rss/articles/CBMiJmh0dHBzOi8vbmV3cy5jbnllcy5jb20vbmV3cy9pZC81MTcxMzcz0gEqaHR0cHM6Ly9hbXAtbmV3cy5jbnllcy5jb20vbmV3cy9pZC81MTcxMzcz?oc=5,Anue鉅亨,宅配通:公告更正本公司112年中英文議事手冊及111年年報部分資訊 - Anue鉅亨
42,2023-05-09 08:25:12,2642,https://news.google.com/rss/articles/CBMiJmh0dHBzOi8vbmV3cy5jbnllcy5jb20vbmV3cy9pZC81MTcxMzcz0gEqaHR0cHM6Ly9hbXAtbmV3cy5jbnllcy5jb20vbmV3cy9pZC81MTcxMzcz?oc=5,Anue鉅亨,宅配通:公告更正本公司112年中英文議事手冊及111年年報部分資訊 - Anue鉅亨
43,2023-05-12 07:00:00,2642,https://news.google.com/rss/articles/CBMiJmh0dHBzOi8vbmV3cy5jbnllcy5jb20vbmV3cy9pZC81MTc3NDEx0gEqaHR0cHM6Ly9hbXAtbmV3cy5jbnllcy5jb20vbmV3cy9pZC81MTc3NDEx?oc=5,Anue鉅亨,宅配通:公告本公司於董事會提報112年第一季合併財務報告 - Anue鉅亨
44,2023-05-12 08:14:22,2642,https://news.google.com/rss/articles/CBMiJmh0dHBzOi8vbmV3cy5jbnllcy5jb20vbmV3cy9pZC81MTc3NDEx0gEqaHR0cHM6Ly9hbXAtbmV3cy5jbnllcy5jb20vbmV3cy9pZC81MTc3NDEx?oc=5,Anue鉅亨,宅配通:公告本公司於董事會提報112年第一季合併財務報告 - Anue鉅亨
45,2023-05-16 07:00:00,2642,https://news.google.com/rss/articles/CBMijAFodHRwczovL3R3LnNwb3J0cy55YWhvby5jb20vbmV3cy8lRTclOUIlQTQlRTQlQjglQUQlRTklODAlOUYlRTUlQTAlQjEtJUU1JUFFJTg1JUU5JTg1JThEJUU5JTgwJTlBLTI2NDItJUU2JTgwJUE1JUU2JThCJTg5Mi0zOS0wMTIyMjI4ODkuaHRtbNIBlAFodHRwczovL3R3LnNwb3J0cy55YWhvby5jb20vYW1waHRtbC9uZXdzLyVFNyU5QiVBNCVFNCVCOCVBRCVFOSU4MCU5RiVFNSVBMCVCMS0lRTUlQUUlODUlRTklODUlOEQlRTklODAlOUEtMjY0Mi0lRTYlODAlQTUlRTYlOEIlODkyLTM5LTAxMjIyMjg4OS5odG1s?oc=5,Yahoo奇摩運動,盤中速報 - 宅配通(2642)急拉2.39%報45.2元，成交25張 - Yahoo奇摩運動
46,2023-05-16 07:00:00,2642,https://news.google.com/rss/articles/CBMiiwFodHRwczovL3R3LnN0b2NrLnlhaG9vLmNvbS9uZXdzLyVFNyU5QiVBNCVFNCVCOCVBRCVFOSU4MCU5RiVFNSVBMCVCMS0lRTUlQUUlODUlRTklODUlOEQlRTklODAlOUEtMjY0Mi0lRTYlODAlQTUlRTYlOEIlODkyLTM5LTAxMjIyMjg4OS5odG1s0gGTAWh0dHBzOi8vdHcuc3RvY2sueWFob28uY29tL2FtcGh0bWwvbmV3cy8lRTclOUIlQTQlRTQlQjglQUQlRTklODAlOUYlRTUlQTAlQjEtJUU1JUFFJTg1JUU5JTg1JThEJUU5JTgwJTlBLTI2NDItJUU2JTgwJUE1JUU2JThCJTg5Mi0zOS0wMTIyMjI4ODkuaHRtbA?oc=5,Yahoo奇摩股市,盤中速報 - 宅配通(2642)急拉2.39%報45.2元，成交25張 - Yahoo奇摩股市
47,2023-05-16 07:00:00,2642,https://news.google.com/rss/articles/CBMiJmh0dHBzOi8vbmV3cy5jbnllcy5jb20vbmV3cy9pZC81MTgyMDMy0gEA?oc=5,Anue鉅亨,盤中速報- 宅配通(2642)急拉2.39%報45.2元，成交25張| Anue鉅亨 ... - Anue鉅亨
48,2023-05-16 07:00:00,2642,https://news.google.com/rss/articles/CBMiJmh0dHBzOi8vbmV3cy5jbnllcy5jb20vbmV3cy9pZC81MTgxNTEy0gEqaHR0cHM6Ly9hbXAtbmV3cy5jbnllcy5jb20vbmV3cy9pZC81MTgxNTEy?oc=5,Anue鉅亨,宅配通:公告更正本公司111年中英文年報部分資訊及年報前十大股東相互關係表 - Anue鉅亨
49,2023-05-16 07:00:00,2642,https://news.google.com/rss/articles/CBMiK2h0dHBzOi8vdG9kYXkubGluZS5tZS90dy92Mi9hcnRpY2xlLzBNakJxUTLSAS9odHRwczovL3RvZGF5LmxpbmUubWUvdHcvdjIvYW1wL2FydGljbGUvME1qQnFRMg?oc=5,LINE TODAY Taiwan,盤中速報 - 宅配通(2642)急拉2.39%報45.2元，成交25張 | anue鉅亨網 | LINE TODAY - LINE TODAY Taiwan
50,2023-05-16 10:36:21,2642,https://news.google.com/rss/articles/CBMiJmh0dHBzOi8vbmV3cy5jbnllcy5jb20vbmV3cy9pZC81MTgxNTEy0gEqaHR0cHM6Ly9hbXAtbmV3cy5jbnllcy5jb20vbmV3cy9pZC81MTgxNTEy?oc=5,Anue鉅亨,宅配通:公告更正本公司111年中英文年報部分資訊及年報前十大股東相互關係表 - Anue鉅亨
51,2023-05-16 11:36:40,2642,https://news.google.com/rss/articles/CBMijAFodHRwczovL3R3LnNwb3J0cy55YWhvby5jb20vbmV3cy8lRTclOUIlQTQlRTQlQjglQUQlRTklODAlOUYlRTUlQTAlQjEtJUU1JUFFJTg1JUU5JTg1JThEJUU5JTgwJTlBLTI2NDItJUU2JTgwJUE1JUU2JThCJTg5Mi0zOS0wMTIyMjI4ODkuaHRtbNIBlAFodHRwczovL3R3LnNwb3J0cy55YWhvby5jb20vYW1waHRtbC9uZXdzLyVFNyU5QiVBNCVFNCVCOCVBRCVFOSU4MCU5RiVFNSVBMCVCMS0lRTUlQUUlODUlRTklODUlOEQlRTklODAlOUEtMjY0Mi0lRTYlODAlQTUlRTYlOEIlODkyLTM5LTAxMjIyMjg4OS5odG1s?oc=5,Yahoo奇摩運動,盤中速報 - 宅配通(2642)急拉2.39%報45.2元，成交25張 - Yahoo奇摩運動
52,2023-05-17 01:22:22,2642,https://news.google.com/rss/articles/CBMiJmh0dHBzOi8vbmV3cy5jbnllcy5jb20vbmV3cy9pZC81MTgyMDMy0gEA?oc=5,Anue鉅亨,盤中速報- 宅配通(2642)急拉2.39%報45.2元，成交25張| Anue鉅亨 ... - Anue鉅亨
53,2023-05-17 02:07:31,2642,https://news.google.com/rss/articles/CBMijAFodHRwczovL3R3LnNwb3J0cy55YWhvby5jb20vbmV3cy8lRTclOUIlQTQlRTQlQjglQUQlRTklODAlOUYlRTUlQTAlQjEtJUU1JUFFJTg1JUU5JTg1JThEJUU5JTgwJTlBLTI2NDItJUU2JTgwJUE1JUU2JThCJTg5Mi0zOS0wMTIyMjI4ODkuaHRtbNIBlAFodHRwczovL3R3LnNwb3J0cy55YWhvby5jb20vYW1waHRtbC9uZXdzLyVFNyU5QiVBNCVFNCVCOCVBRCVFOSU4MCU5RiVFNSVBMCVCMS0lRTUlQUUlODUlRTklODUlOEQlRTklODAlOUEtMjY0Mi0lRTYlODAlQTUlRTYlOEIlODkyLTM5LTAxMjIyMjg4OS5odG1s?oc=5,Yahoo奇摩運動,盤中速報 - 宅配通(2642)急拉2.39%報45.2元，成交25張 - Yahoo奇摩運動
54,2023-05-17 02:07:35,2642,https://news.google.com/rss/articles/CBMijAFodHRwczovL3R3LnNwb3J0cy55YWhvby5jb20vbmV3cy8lRTclOUIlQTQlRTQlQjglQUQlRTklODAlOUYlRTUlQTAlQjEtJUU1JUFFJTg1JUU5JTg1JThEJUU5JTgwJTlBLTI2NDItJUU2JTgwJUE1JUU2JThCJTg5Mi0zOS0wMTIyMjI4ODkuaHRtbNIBlAFodHRwczovL3R3LnNwb3J0cy55YWhvby5jb20vYW1waHRtbC9uZXdzLyVFNyU5QiVBNCVFNCVCOCVBRCVFOSU4MCU5RiVFNSVBMCVCMS0lRTUlQUUlODUlRTklODUlOEQlRTklODAlOUEtMjY0Mi0lRTYlODAlQTUlRTYlOEIlODkyLTM5LTAxMjIyMjg4OS5odG1s?oc=5,Yahoo奇摩運動,盤中速報 - 宅配通(2642)急拉2.39%報45.2元，成交25張 - Yahoo奇摩運動
55,2023-05-17 02:09:21,2642,https://news.google.com/rss/articles/CBMiiwFodHRwczovL3R3LnN0b2NrLnlhaG9vLmNvbS9uZXdzLyVFNyU5QiVBNCVFNCVCOCVBRCVFOSU4MCU5RiVFNSVBMCVCMS0lRTUlQUUlODUlRTklODUlOEQlRTklODAlOUEtMjY0Mi0lRTYlODAlQTUlRTYlOEIlODkyLTM5LTAxMjIyMjg4OS5odG1s0gGTAWh0dHBzOi8vdHcuc3RvY2sueWFob28uY29tL2FtcGh0bWwvbmV3cy8lRTclOUIlQTQlRTQlQjglQUQlRTklODAlOUYlRTUlQTAlQjEtJUU1JUFFJTg1JUU5JTg1JThEJUU5JTgwJTlBLTI2NDItJUU2JTgwJUE1JUU2JThCJTg5Mi0zOS0wMTIyMjI4ODkuaHRtbA?oc=5,Yahoo奇摩股市,盤中速報 - 宅配通(2642)急拉2.39%報45.2元，成交25張 - Yahoo奇摩股市
56,2023-05-18 07:00:00,2642,https://news.google.com/rss/articles/CBMixAFodHRwczovL3R3LnNwb3J0cy55YWhvby5jb20vbmV3cy8lRTUlODUlQUMlRTUlOTElOEEtJUU1JUFFJTg1JUU5JTg1JThEJUU5JTgwJTlBMTExJUU1JUI5JUI0JUU4JTgyJUExJUU2JTlEJUIxJUU1JUI4JUI4JUU2JTlDJTgzJUU5JTg3JThEJUU4JUE2JTgxJUU2JUIxJUJBJUU4JUFEJUIwJUU0JUJBJThCJUU5JUEwJTg1LTEwMTUzMzkyNS5odG1s0gHMAWh0dHBzOi8vdHcuc3BvcnRzLnlhaG9vLmNvbS9hbXBodG1sL25ld3MvJUU1JTg1JUFDJUU1JTkxJThBLSVFNSVBRSU4NSVFOSU4NSU4RCVFOSU4MCU5QTExMSVFNSVCOSVCNCVFOCU4MiVBMSVFNiU5RCVCMSVFNSVCOCVCOCVFNiU5QyU4MyVFOSU4NyU4RCVFOCVBNiU4MSVFNiVCMSVCQSVFOCVBRCVCMCVFNCVCQSU4QiVFOSVBMCU4NS0xMDE1MzM5MjUuaHRtbA?oc=5,Yahoo奇摩運動,【公告】宅配通111年股東常會重要決議事項 - Yahoo奇摩運動
57,2023-05-18 07:00:00,2642,https://news.google.com/rss/articles/CBMiJmh0dHBzOi8vbmV3cy5jbnllcy5jb20vbmV3cy9pZC81MTg0Mzk00gEqaHR0cHM6Ly9hbXAtbmV3cy5jbnllcy5jb20vbmV3cy9pZC81MTg0Mzk0?oc=5,Anue鉅亨,宅配通:本公司111年股東常會重要決議事項 - Anue鉅亨
58,2023-05-18 07:00:00,2642,https://news.google.com/rss/articles/CBMiJmh0dHBzOi8vbmV3cy5jbnllcy5jb20vbmV3cy9pZC81MTg0Mzk10gEqaHR0cHM6Ly9hbXAtbmV3cy5jbnllcy5jb20vbmV3cy9pZC81MTg0Mzk1?oc=5,Anue鉅亨,宅配通:公告本公司訂定除息基準日相關事宜 - Anue鉅亨
59,2023-05-18 07:00:00,2642,https://news.google.com/rss/articles/CBMiwQFodHRwczovL3R3LnNwb3J0cy55YWhvby5jb20vbmV3cy8lRTUlODUlQUMlRTUlOTElOEEtJUU1JUFFJTg1JUU5JTg1JThEJUU5JTgwJTlBJUU4JUE4JTgyJUU1JUFFJTlBJUU5JTk5JUE0JUU2JTgxJUFGJUU1JTlGJUJBJUU2JUJBJTk2JUU2JTk3JUE1JUU3JTlCJUI4JUU5JTk3JTlDJUU0JUJBJThCJUU1JUFFJTlDLTEwMTUzMTcyNC5odG1s0gHJAWh0dHBzOi8vdHcuc3BvcnRzLnlhaG9vLmNvbS9hbXBodG1sL25ld3MvJUU1JTg1JUFDJUU1JTkxJThBLSVFNSVBRSU4NSVFOSU4NSU4RCVFOSU4MCU5QSVFOCVBOCU4MiVFNSVBRSU5QSVFOSU5OSVBNCVFNiU4MSVBRiVFNSU5RiVCQSVFNiVCQSU5NiVFNiU5NyVBNSVFNyU5QiVCOCVFOSU5NyU5QyVFNCVCQSU4QiVFNSVBRSU5Qy0xMDE1MzE3MjQuaHRtbA?oc=5,Yahoo奇摩運動,【公告】宅配通訂定除息基準日相關事宜 - Yahoo奇摩運動
60,2023-05-18 07:00:00,2642,https://news.google.com/rss/articles/CBMiWGh0dHBzOi8vd3d3Lm1vbmV5ZGouY29tL2ttZGovbmV3cy9uZXdzdmlld2VyLmFzcHg_YT0yNDgyOTQzOS1lNzg3LTQ5NDItYjUxMy02OTY5YmYzYjY5NTLSAQA?oc=5,MoneyDJ理財網,宅配通訂6/7為除息交易日；現金股利發放日6/30 - 新聞 - MoneyDJ理財網
61,2023-05-18 07:00:00,2642,https://news.google.com/rss/articles/CBMiJmh0dHBzOi8vbmV3cy5jbnllcy5jb20vbmV3cy9pZC81MTg0Mzk20gEqaHR0cHM6Ly9hbXAtbmV3cy5jbnllcy5jb20vbmV3cy9pZC81MTg0Mzk2?oc=5,Anue鉅亨,宅配通:公告本公司設置公司治理主管 - Anue鉅亨
62,2023-05-18 09:58:01,2642,https://news.google.com/rss/articles/CBMiJmh0dHBzOi8vbmV3cy5jbnllcy5jb20vbmV3cy9pZC81MTg0Mzk00gEqaHR0cHM6Ly9hbXAtbmV3cy5jbnllcy5jb20vbmV3cy9pZC81MTg0Mzk0?oc=5,Anue鉅亨,宅配通:本公司111年股東常會重要決議事項 - Anue鉅亨
63,2023-05-18 09:58:28,2642,https://news.google.com/rss/articles/CBMiJmh0dHBzOi8vbmV3cy5jbnllcy5jb20vbmV3cy9pZC81MTg0Mzk10gEqaHR0cHM6Ly9hbXAtbmV3cy5jbnllcy5jb20vbmV3cy9pZC81MTg0Mzk1?oc=5,Anue鉅亨,宅配通:公告本公司訂定除息基準日相關事宜 - Anue鉅亨
64,2023-05-18 09:58:56,2642,https://news.google.com/rss/articles/CBMiJmh0dHBzOi8vbmV3cy5jbnllcy5jb20vbmV3cy9pZC81MTg0Mzk20gEA?oc=5,Anue鉅亨,宅配通:公告本公司設置公司治理主管| Anue鉅亨- 台股公告 - Anue鉅亨
65,2023-05-18 09:58:56,2642,https://news.google.com/rss/articles/CBMiJmh0dHBzOi8vbmV3cy5jbnllcy5jb20vbmV3cy9pZC81MTg0Mzk20gEqaHR0cHM6Ly9hbXAtbmV3cy5jbnllcy5jb20vbmV3cy9pZC81MTg0Mzk2?oc=5,Anue鉅亨,宅配通:公告本公司設置公司治理主管 - Anue鉅亨
66,2023-05-18 10:15:31,2642,https://news.google.com/rss/articles/CBMiwQFodHRwczovL3R3LnNwb3J0cy55YWhvby5jb20vbmV3cy8lRTUlODUlQUMlRTUlOTElOEEtJUU1JUFFJTg1JUU5JTg1JThEJUU5JTgwJTlBJUU4JUE4JTgyJUU1JUFFJTlBJUU5JTk5JUE0JUU2JTgxJUFGJUU1JTlGJUJBJUU2JUJBJTk2JUU2JTk3JUE1JUU3JTlCJUI4JUU5JTk3JTlDJUU0JUJBJThCJUU1JUFFJTlDLTEwMTUzMTcyNC5odG1s0gHJAWh0dHBzOi8vdHcuc3BvcnRzLnlhaG9vLmNvbS9hbXBodG1sL25ld3MvJUU1JTg1JUFDJUU1JTkxJThBLSVFNSVBRSU4NSVFOSU4NSU4RCVFOSU4MCU5QSVFOCVBOCU4MiVFNSVBRSU5QSVFOSU5OSVBNCVFNiU4MSVBRiVFNSU5RiVCQSVFNiVCQSU5NiVFNiU5NyVBNSVFNyU5QiVCOCVFOSU5NyU5QyVFNCVCQSU4QiVFNSVBRSU5Qy0xMDE1MzE3MjQuaHRtbA?oc=5,Yahoo奇摩運動,【公告】宅配通訂定除息基準日相關事宜 - Yahoo奇摩運動
67,2023-05-18 10:15:33,2642,https://news.google.com/rss/articles/CBMivQFodHRwczovL3R3Lm5ld3MueWFob28uY29tLyVFNSU4NSVBQyVFNSU5MSU4QS0lRTUlQUUlODUlRTklODUlOEQlRTklODAlOUExMTElRTUlQjklQjQlRTglODIlQTElRTYlOUQlQjElRTUlQjglQjglRTYlOUMlODMlRTklODclOEQlRTglQTYlODElRTYlQjElQkElRTglQUQlQjAlRTQlQkElOEIlRTklQTAlODUtMTAxNTMzOTI1Lmh0bWzSAcUBaHR0cHM6Ly90dy5uZXdzLnlhaG9vLmNvbS9hbXBodG1sLyVFNSU4NSVBQyVFNSU5MSU4QS0lRTUlQUUlODUlRTklODUlOEQlRTklODAlOUExMTElRTUlQjklQjQlRTglODIlQTElRTYlOUQlQjElRTUlQjglQjglRTYlOUMlODMlRTklODclOEQlRTglQTYlODElRTYlQjElQkElRTglQUQlQjAlRTQlQkElOEIlRTklQTAlODUtMTAxNTMzOTI1Lmh0bWw?oc=5,Yahoo奇摩新聞,【公告】宅配通111年股東常會重要決議事項 - Yahoo奇摩新聞
68,2023-05-18 10:15:33,2642,https://news.google.com/rss/articles/CBMixAFodHRwczovL3R3LnNwb3J0cy55YWhvby5jb20vbmV3cy8lRTUlODUlQUMlRTUlOTElOEEtJUU1JUFFJTg1JUU5JTg1JThEJUU5JTgwJTlBMTExJUU1JUI5JUI0JUU4JTgyJUExJUU2JTlEJUIxJUU1JUI4JUI4JUU2JTlDJTgzJUU5JTg3JThEJUU4JUE2JTgxJUU2JUIxJUJBJUU4JUFEJUIwJUU0JUJBJThCJUU5JUEwJTg1LTEwMTUzMzkyNS5odG1s0gHMAWh0dHBzOi8vdHcuc3BvcnRzLnlhaG9vLmNvbS9hbXBodG1sL25ld3MvJUU1JTg1JUFDJUU1JTkxJThBLSVFNSVBRSU4NSVFOSU4NSU4RCVFOSU4MCU5QTExMSVFNSVCOSVCNCVFOCU4MiVBMSVFNiU5RCVCMSVFNSVCOCVCOCVFNiU5QyU4MyVFOSU4NyU4RCVFOCVBNiU4MSVFNiVCMSVCQSVFOCVBRCVCMCVFNCVCQSU4QiVFOSVBMCU4NS0xMDE1MzM5MjUuaHRtbA?oc=5,Yahoo奇摩運動,【公告】宅配通111年股東常會重要決議事項 - Yahoo奇摩運動
69,2023-05-18 10:46:38,2642,https://news.google.com/rss/articles/CBMiwQFodHRwczovL3R3LnNwb3J0cy55YWhvby5jb20vbmV3cy8lRTUlODUlQUMlRTUlOTElOEEtJUU1JUFFJTg1JUU5JTg1JThEJUU5JTgwJTlBJUU4JUE4JTgyJUU1JUFFJTlBJUU5JTk5JUE0JUU2JTgxJUFGJUU1JTlGJUJBJUU2JUJBJTk2JUU2JTk3JUE1JUU3JTlCJUI4JUU5JTk3JTlDJUU0JUJBJThCJUU1JUFFJTlDLTEwMTUzMTcyNC5odG1s0gHJAWh0dHBzOi8vdHcuc3BvcnRzLnlhaG9vLmNvbS9hbXBodG1sL25ld3MvJUU1JTg1JUFDJUU1JTkxJThBLSVFNSVBRSU4NSVFOSU4NSU4RCVFOSU4MCU5QSVFOCVBOCU4MiVFNSVBRSU5QSVFOSU5OSVBNCVFNiU4MSVBRiVFNSU5RiVCQSVFNiVCQSU5NiVFNiU5NyVBNSVFNyU5QiVCOCVFOSU5NyU5QyVFNCVCQSU4QiVFNSVBRSU5Qy0xMDE1MzE3MjQuaHRtbA?oc=5,Yahoo奇摩運動,【公告】宅配通訂定除息基準日相關事宜 - Yahoo奇摩運動
70,2023-05-18 11:58:00,2642,https://news.google.com/rss/articles/CBMiWGh0dHBzOi8vd3d3Lm1vbmV5ZGouY29tL2ttZGovbmV3cy9uZXdzdmlld2VyLmFzcHg_YT0yNDgyOTQzOS1lNzg3LTQ5NDItYjUxMy02OTY5YmYzYjY5NTLSAQA?oc=5,MoneyDJ理財網,宅配通訂6/7為除息交易日；現金股利發放日6/30 - 新聞 - MoneyDJ理財網
71,2023-05-18 11:58:00,2642,https://news.google.com/rss/articles/CBMiWGh0dHBzOi8vd3d3Lm1vbmV5ZGouY29tL2ttZGovbmV3cy9uZXdzdmlld2VyLmFzcHg_YT0yNDgyOTQzOS1lNzg3LTQ5NDItYjUxMy02OTY5YmYzYjY5NTLSAQA?oc=5,MoneyDJ理財網,宅配通訂6/7為除息交易日；現金股利發放日6/30 - MoneyDJ理財網
72,2023-05-31 07:00:00,2642,https://news.google.com/rss/articles/CBMilgFodHRwczovL3R3Lm5ld3MueWFob28uY29tLyVFNyU5QiVBNCVFNSVCRSU4QyVFOSU4MCU5RiVFNSVBMCVCMS0lRTUlQUUlODUlRTklODUlOEQlRTklODAlOUEtMjY0Mi0lRTQlQjglOEIlRTklODAlQjEtNiVFNiU5QyU4ODclRTYlOTclQTUtMDkwNTIxNDExLmh0bWzSAZ4BaHR0cHM6Ly90dy5uZXdzLnlhaG9vLmNvbS9hbXBodG1sLyVFNyU5QiVBNCVFNSVCRSU4QyVFOSU4MCU5RiVFNSVBMCVCMS0lRTUlQUUlODUlRTklODUlOEQlRTklODAlOUEtMjY0Mi0lRTQlQjglOEIlRTklODAlQjEtNiVFNiU5QyU4ODclRTYlOTclQTUtMDkwNTIxNDExLmh0bWw?oc=5,Yahoo奇摩新聞,盤後速報 - 宅配通(2642)下週(6月7日)除息1.5元，預估參考價44.0元 - Yahoo奇摩新聞
73,2023-05-31 07:00:00,2642,https://news.google.com/rss/articles/CBMiJmh0dHBzOi8vbmV3cy5jbnllcy5jb20vbmV3cy9pZC81MTk4MjE20gEA?oc=5,Anue鉅亨,盤後速報- 宅配通(2642)下週(6月7日)除息1.5元，預估參考價44.0元 ... - Anue鉅亨
74,2023-05-31 07:00:00,2642,https://news.google.com/rss/articles/CBMinAFodHRwczovL3R3LnN0b2NrLnlhaG9vLmNvbS9uZXdzLyVFNyU5QiVBNCVFNSVCRSU4QyVFOSU4MCU5RiVFNSVBMCVCMS0lRTUlQUUlODUlRTklODUlOEQlRTklODAlOUEtMjY0Mi0lRTQlQjglOEIlRTklODAlQjEtNiVFNiU5QyU4ODclRTYlOTclQTUtMDkwNTIxNDExLmh0bWzSAaQBaHR0cHM6Ly90dy5zdG9jay55YWhvby5jb20vYW1waHRtbC9uZXdzLyVFNyU5QiVBNCVFNSVCRSU4QyVFOSU4MCU5RiVFNSVBMCVCMS0lRTUlQUUlODUlRTklODUlOEQlRTklODAlOUEtMjY0Mi0lRTQlQjglOEIlRTklODAlQjEtNiVFNiU5QyU4ODclRTYlOTclQTUtMDkwNTIxNDExLmh0bWw?oc=5,Yahoo奇摩股市,盤後速報 - 宅配通(2642)下週(6月7日)除息1.5元，預估參考價44.0元 - Yahoo奇摩股市
75,2023-05-31 07:00:00,2642,https://news.google.com/rss/articles/CBMinQFodHRwczovL3R3LnNwb3J0cy55YWhvby5jb20vbmV3cy8lRTclOUIlQTQlRTUlQkUlOEMlRTklODAlOUYlRTUlQTAlQjEtJUU1JUFFJTg1JUU5JTg1JThEJUU5JTgwJTlBLTI2NDItJUU0JUI4JThCJUU5JTgwJUIxLTYlRTYlOUMlODg3JUU2JTk3JUE1LTA5MDUyMTQxMS5odG1s0gGlAWh0dHBzOi8vdHcuc3BvcnRzLnlhaG9vLmNvbS9hbXBodG1sL25ld3MvJUU3JTlCJUE0JUU1JUJFJThDJUU5JTgwJTlGJUU1JUEwJUIxLSVFNSVBRSU4NSVFOSU4NSU4RCVFOSU4MCU5QS0yNjQyLSVFNCVCOCU4QiVFOSU4MCVCMS02JUU2JTlDJTg4NyVFNiU5NyVBNS0wOTA1MjE0MTEuaHRtbA?oc=5,Yahoo奇摩運動,盤後速報 - 宅配通(2642)下週(6月7日)除息1.5元，預估參考價44.0元 - Yahoo奇摩運動
76,2023-05-31 07:00:00,2642,https://news.google.com/rss/articles/CBMinAFodHRwczovL3R3LnN0b2NrLnlhaG9vLmNvbS9uZXdzLyVFNyU5QiVBNCVFNSVCRSU4QyVFOSU4MCU5RiVFNSVBMCVCMS0lRTUlQUUlODUlRTklODUlOEQlRTklODAlOUEtMjY0Mi0lRTQlQjglOEIlRTklODAlQjEtNiVFNiU5QyU4ODclRTYlOTclQTUtMDkwNTIxNDExLmh0bWzSAQA?oc=5,Yahoo奇摩股市,盤後速報- 宅配通(2642)下週(6月7日)除息1.5元，預估參考價44.0元 - Yahoo奇摩股市
77,2023-05-31 07:00:00,2642,https://news.google.com/rss/articles/CBMilgFodHRwczovL2hrLm5ld3MueWFob28uY29tLyVFNyU5QiVBNCVFNSVCRSU4QyVFOSU4MCU5RiVFNSVBMCVCMS0lRTUlQUUlODUlRTklODUlOEQlRTklODAlOUEtMjY0Mi0lRTQlQjglOEIlRTklODAlQjEtNiVFNiU5QyU4ODclRTYlOTclQTUtMDkwNTIxNzg0Lmh0bWzSAZ4BaHR0cHM6Ly9oay5uZXdzLnlhaG9vLmNvbS9hbXBodG1sLyVFNyU5QiVBNCVFNSVCRSU4QyVFOSU4MCU5RiVFNSVBMCVCMS0lRTUlQUUlODUlRTklODUlOEQlRTklODAlOUEtMjY0Mi0lRTQlQjglOEIlRTklODAlQjEtNiVFNiU5QyU4ODclRTYlOTclQTUtMDkwNTIxNzg0Lmh0bWw?oc=5,雅虎香港新聞,盤後速報 - 宅配通(2642)下週(6月7日)除息1.5元，預估參考價44.0元 - 雅虎香港新聞
78,2023-05-31 07:00:00,2642,https://news.google.com/rss/articles/CBMilgFodHRwczovL2hrLm5ld3MueWFob28uY29tLyVFNyU5QiVBNCVFNSVCRSU4QyVFOSU4MCU5RiVFNSVBMCVCMS0lRTUlQUUlODUlRTklODUlOEQlRTklODAlOUEtMjY0Mi0lRTQlQjglOEIlRTklODAlQjEtNiVFNiU5QyU4ODclRTYlOTclQTUtMDkwNTIxNzg0Lmh0bWzSAQA?oc=5,雅虎香港新聞,盤後速報- 宅配通(2642)下週(6月7日)除息1.5元，預估參考價44.0元 - 雅虎香港新聞
79,2023-05-31 07:00:00,2642,https://news.google.com/rss/articles/CBMilgFodHRwczovL3R3Lm5ld3MueWFob28uY29tLyVFNyU5QiVBNCVFNSVCRSU4QyVFOSU4MCU5RiVFNSVBMCVCMS0lRTUlQUUlODUlRTklODUlOEQlRTklODAlOUEtMjY0Mi0lRTQlQjglOEIlRTklODAlQjEtNiVFNiU5QyU4ODclRTYlOTclQTUtMDkwNTIxNDExLmh0bWzSAQA?oc=5,Yahoo奇摩新聞,盤後速報- 宅配通(2642)下週(6月7日)除息1.5元，預估參考價44.0元 - Yahoo奇摩新聞
80,2023-05-31 09:05:21,2642,https://news.google.com/rss/articles/CBMilgFodHRwczovL3R3Lm5ld3MueWFob28uY29tLyVFNyU5QiVBNCVFNSVCRSU4QyVFOSU4MCU5RiVFNSVBMCVCMS0lRTUlQUUlODUlRTklODUlOEQlRTklODAlOUEtMjY0Mi0lRTQlQjglOEIlRTklODAlQjEtNiVFNiU5QyU4ODclRTYlOTclQTUtMDkwNTIxNDExLmh0bWzSAZ4BaHR0cHM6Ly90dy5uZXdzLnlhaG9vLmNvbS9hbXBodG1sLyVFNyU5QiVBNCVFNSVCRSU4QyVFOSU4MCU5RiVFNSVBMCVCMS0lRTUlQUUlODUlRTklODUlOEQlRTklODAlOUEtMjY0Mi0lRTQlQjglOEIlRTklODAlQjEtNiVFNiU5QyU4ODclRTYlOTclQTUtMDkwNTIxNDExLmh0bWw?oc=5,Yahoo奇摩新聞,盤後速報 - 宅配通(2642)下週(6月7日)除息1.5元，預估參考價44.0元 - Yahoo奇摩新聞
81,2023-05-31 09:05:21,2642,https://news.google.com/rss/articles/CBMinAFodHRwczovL3R3LnN0b2NrLnlhaG9vLmNvbS9uZXdzLyVFNyU5QiVBNCVFNSVCRSU4QyVFOSU4MCU5RiVFNSVBMCVCMS0lRTUlQUUlODUlRTklODUlOEQlRTklODAlOUEtMjY0Mi0lRTQlQjglOEIlRTklODAlQjEtNiVFNiU5QyU4ODclRTYlOTclQTUtMDkwNTIxNDExLmh0bWzSAaQBaHR0cHM6Ly90dy5zdG9jay55YWhvby5jb20vYW1waHRtbC9uZXdzLyVFNyU5QiVBNCVFNSVCRSU4QyVFOSU4MCU5RiVFNSVBMCVCMS0lRTUlQUUlODUlRTklODUlOEQlRTklODAlOUEtMjY0Mi0lRTQlQjglOEIlRTklODAlQjEtNiVFNiU5QyU4ODclRTYlOTclQTUtMDkwNTIxNDExLmh0bWw?oc=5,Yahoo奇摩股市,盤後速報 - 宅配通(2642)下週(6月7日)除息1.5元，預估參考價44.0元 - Yahoo奇摩股市
82,2023-05-31 09:05:21,2642,https://news.google.com/rss/articles/CBMingFodHRwczovL2hrLmZpbmFuY2UueWFob28uY29tL25ld3MvJUU3JTlCJUE0JUU1JUJFJThDJUU5JTgwJTlGJUU1JUEwJUIxLSVFNSVBRSU4NSVFOSU4NSU4RCVFOSU4MCU5QS0yNjQyLSVFNCVCOCU4QiVFOSU4MCVCMS02JUU2JTlDJTg4NyVFNiU5NyVBNS0wOTA1MjE3ODQuaHRtbNIBpgFodHRwczovL2hrLmZpbmFuY2UueWFob28uY29tL2FtcGh0bWwvbmV3cy8lRTclOUIlQTQlRTUlQkUlOEMlRTklODAlOUYlRTUlQTAlQjEtJUU1JUFFJTg1JUU5JTg1JThEJUU5JTgwJTlBLTI2NDItJUU0JUI4JThCJUU5JTgwJUIxLTYlRTYlOUMlODg3JUU2JTk3JUE1LTA5MDUyMTc4NC5odG1s?oc=5,Yahoo,盤後速報 - 宅配通(2642)下週(6月7日)除息1.5元，預估參考價44.0元 - Yahoo
83,2023-05-31 09:05:21,2642,https://news.google.com/rss/articles/CBMinQFodHRwczovL3R3LnNwb3J0cy55YWhvby5jb20vbmV3cy8lRTclOUIlQTQlRTUlQkUlOEMlRTklODAlOUYlRTUlQTAlQjEtJUU1JUFFJTg1JUU5JTg1JThEJUU5JTgwJTlBLTI2NDItJUU0JUI4JThCJUU5JTgwJUIxLTYlRTYlOUMlODg3JUU2JTk3JUE1LTA5MDUyMTQxMS5odG1s0gGlAWh0dHBzOi8vdHcuc3BvcnRzLnlhaG9vLmNvbS9hbXBodG1sL25ld3MvJUU3JTlCJUE0JUU1JUJFJThDJUU5JTgwJTlGJUU1JUEwJUIxLSVFNSVBRSU4NSVFOSU4NSU4RCVFOSU4MCU5QS0yNjQyLSVFNCVCOCU4QiVFOSU4MCVCMS02JUU2JTlDJTg4NyVFNiU5NyVBNS0wOTA1MjE0MTEuaHRtbA?oc=5,Yahoo奇摩運動,盤後速報 - 宅配通(2642)下週(6月7日)除息1.5元，預估參考價44.0元 - Yahoo奇摩運動
84,2023-05-31 09:05:21,2642,https://news.google.com/rss/articles/CBMiJmh0dHBzOi8vbmV3cy5jbnllcy5jb20vbmV3cy9pZC81MTk4MjE20gEA?oc=5,Anue鉅亨,盤後速報- 宅配通(2642)下週(6月7日)除息1.5元，預估參考價44.0元 ... - Anue鉅亨
85,2023-06-06 07:00:00,2642,https://news.google.com/rss/articles/CBMijAFodHRwczovL3R3Lm5ld3MueWFob28uY29tLyVFNyU5QiVBNCVFNSVCRSU4QyVFOSU4MCU5RiVFNSVBMCVCMS0lRTUlQUUlODUlRTklODUlOEQlRTklODAlOUEtMjY0Mi0lRTYlQUMlQTElRTQlQkElQTQlRTYlOTglOTMtNy0wOTA1MzEwODguaHRtbNIBlAFodHRwczovL3R3Lm5ld3MueWFob28uY29tL2FtcGh0bWwvJUU3JTlCJUE0JUU1JUJFJThDJUU5JTgwJTlGJUU1JUEwJUIxLSVFNSVBRSU4NSVFOSU4NSU4RCVFOSU4MCU5QS0yNjQyLSVFNiVBQyVBMSVFNCVCQSVBNCVFNiU5OCU5My03LTA5MDUzMTA4OC5odG1s?oc=5,Yahoo奇摩新聞,盤後速報 - 宅配通(2642)次交易(7)日除息1.5元，參考價44.35元 - Yahoo奇摩新聞
86,2023-06-06 07:00:00,2642,https://news.google.com/rss/articles/CBMilAFodHRwczovL2hrLmZpbmFuY2UueWFob28uY29tL25ld3MvJUU3JTlCJUE0JUU1JUJFJThDJUU5JTgwJTlGJUU1JUEwJUIxLSVFNSVBRSU4NSVFOSU4NSU4RCVFOSU4MCU5QS0yNjQyLSVFNiVBQyVBMSVFNCVCQSVBNCVFNiU5OCU5My03LTA5MDUzMTIwNS5odG1s0gGcAWh0dHBzOi8vaGsuZmluYW5jZS55YWhvby5jb20vYW1waHRtbC9uZXdzLyVFNyU5QiVBNCVFNSVCRSU4QyVFOSU4MCU5RiVFNSVBMCVCMS0lRTUlQUUlODUlRTklODUlOEQlRTklODAlOUEtMjY0Mi0lRTYlQUMlQTElRTQlQkElQTQlRTYlOTglOTMtNy0wOTA1MzEyMDUuaHRtbA?oc=5,Yahoo,盤後速報 - 宅配通(2642)次交易(7)日除息1.5元，參考價44.35元 - Yahoo
87,2023-06-06 07:00:00,2642,https://news.google.com/rss/articles/CBMikwFodHRwczovL3R3LnNwb3J0cy55YWhvby5jb20vbmV3cy8lRTclOUIlQTQlRTUlQkUlOEMlRTklODAlOUYlRTUlQTAlQjEtJUU1JUFFJTg1JUU5JTg1JThEJUU5JTgwJTlBLTI2NDItJUU2JUFDJUExJUU0JUJBJUE0JUU2JTk4JTkzLTctMDkwNTMxMDg4Lmh0bWzSAZsBaHR0cHM6Ly90dy5zcG9ydHMueWFob28uY29tL2FtcGh0bWwvbmV3cy8lRTclOUIlQTQlRTUlQkUlOEMlRTklODAlOUYlRTUlQTAlQjEtJUU1JUFFJTg1JUU5JTg1JThEJUU5JTgwJTlBLTI2NDItJUU2JUFDJUExJUU0JUJBJUE0JUU2JTk4JTkzLTctMDkwNTMxMDg4Lmh0bWw?oc=5,Yahoo奇摩運動,盤後速報 - 宅配通(2642)次交易(7)日除息1.5元，參考價44.35元 - Yahoo奇摩運動
88,2023-06-06 07:00:00,2642,https://news.google.com/rss/articles/CBMiJmh0dHBzOi8vbmV3cy5jbnllcy5jb20vbmV3cy9pZC81MjA1OTM00gEqaHR0cHM6Ly9hbXAtbmV3cy5jbnllcy5jb20vbmV3cy9pZC81MjA1OTM0?oc=5,Anue鉅亨,宅配通:公告更正本公司109年及110年年報部分資訊及年報前十大股東相互關係表 - Anue鉅亨
89,2023-06-06 07:00:00,2642,https://news.google.com/rss/articles/CBMivAJodHRwczovL3R3LnNwb3J0cy55YWhvby5jb20vbmV3cy8lRTUlODUlQUMlRTUlOTElOEEtJUU2JTlCJUI0JUU2JUFEJUEzJUU1JUFFJTg1JUU5JTg1JThEJUU5JTgwJTlBMTA5JUU1JUI5JUI0JUU1JThGJThBMTEwJUU1JUI5JUI0JUU1JUI5JUI0JUU1JUEwJUIxJUU5JTgzJUE4JUU1JTg4JTg2JUU4JUIzJTg3JUU4JUE4JThBJUU1JThGJThBJUU1JUI5JUI0JUU1JUEwJUIxJUU1JTg5JThEJUU1JThEJTgxJUU1JUE0JUE3JUU4JTgyJUExJUU2JTlEJUIxJUU3JTlCJUI4JUU0JUJBJTkyJUU5JTk3JTlDJUU0JUJGJTgyJUU4JUExJUE4LTA2NTI0NzMwNy5odG1s0gHEAmh0dHBzOi8vdHcuc3BvcnRzLnlhaG9vLmNvbS9hbXBodG1sL25ld3MvJUU1JTg1JUFDJUU1JTkxJThBLSVFNiU5QiVCNCVFNiVBRCVBMyVFNSVBRSU4NSVFOSU4NSU4RCVFOSU4MCU5QTEwOSVFNSVCOSVCNCVFNSU4RiU4QTExMCVFNSVCOSVCNCVFNSVCOSVCNCVFNSVBMCVCMSVFOSU4MyVBOCVFNSU4OCU4NiVFOCVCMyU4NyVFOCVBOCU4QSVFNSU4RiU4QSVFNSVCOSVCNCVFNSVBMCVCMSVFNSU4OSU4RCVFNSU4RCU4MSVFNSVBNCVBNyVFOCU4MiVBMSVFNiU5RCVCMSVFNyU5QiVCOCVFNCVCQSU5MiVFOSU5NyU5QyVFNCVCRiU4MiVFOCVBMSVBOC0wNjUyNDczMDcuaHRtbA?oc=5,Yahoo奇摩運動,【公告】更正宅配通109年及110年年報部分資訊及年報前十大股東相互關係表 - Yahoo奇摩運動
90,2023-06-06 07:00:00,2642,https://news.google.com/rss/articles/CBMikgFodHRwczovL3R3LnN0b2NrLnlhaG9vLmNvbS9uZXdzLyVFNyU5QiVBNCVFNSVCRSU4QyVFOSU4MCU5RiVFNSVBMCVCMS0lRTUlQUUlODUlRTklODUlOEQlRTklODAlOUEtMjY0Mi0lRTYlQUMlQTElRTQlQkElQTQlRTYlOTglOTMtNy0wOTA1MzEwODguaHRtbNIBmgFodHRwczovL3R3LnN0b2NrLnlhaG9vLmNvbS9hbXBodG1sL25ld3MvJUU3JTlCJUE0JUU1JUJFJThDJUU5JTgwJTlGJUU1JUEwJUIxLSVFNSVBRSU4NSVFOSU4NSU4RCVFOSU4MCU5QS0yNjQyLSVFNiVBQyVBMSVFNCVCQSVBNCVFNiU5OCU5My03LTA5MDUzMTA4OC5odG1s?oc=5,Yahoo奇摩股市,盤後速報 - 宅配通(2642)次交易(7)日除息1.5元，參考價44.35元 - Yahoo奇摩股市
91,2023-06-06 07:00:00,2642,https://news.google.com/rss/articles/CBMiJmh0dHBzOi8vbmV3cy5jbnllcy5jb20vbmV3cy9pZC81MjAzMjEw0gEqaHR0cHM6Ly9hbXAtbmV3cy5jbnllcy5jb20vbmV3cy9pZC81MjAzMjEw?oc=5,Anue鉅亨,盤後速報 - 宅配通(2642)次交易(7)日除息1.5元，參考價44.35元 - Anue鉅亨
92,2023-06-06 07:00:00,2642,https://news.google.com/rss/articles/CBMiK2h0dHBzOi8vdG9kYXkubGluZS5tZS90dy92Mi9hcnRpY2xlL0pQODdycXHSAS9odHRwczovL3RvZGF5LmxpbmUubWUvdHcvdjIvYW1wL2FydGljbGUvSlA4N3JxcQ?oc=5,LINE TODAY Taiwan,盤後速報 - 宅配通(2642)次交易(7)日除息1.5元，參考價44.35元 | anue鉅亨網 | LINE TODAY - LINE TODAY Taiwan
93,2023-06-06 07:00:00,2642,https://news.google.com/rss/articles/CBMijAFodHRwczovL3R3Lm5ld3MueWFob28uY29tLyVFNyU5QiVBNCVFNSVCRSU4QyVFOSU4MCU5RiVFNSVBMCVCMS0lRTUlQUUlODUlRTklODUlOEQlRTklODAlOUEtMjY0Mi0lRTYlQUMlQTElRTQlQkElQTQlRTYlOTglOTMtNy0wOTA1MzEwODguaHRtbNIBAA?oc=5,Yahoo奇摩新聞,盤後速報- 宅配通(2642)次交易(7)日除息1.5元，參考價44.35元 - Yahoo奇摩新聞
94,2023-06-06 07:00:00,2642,https://news.google.com/rss/articles/CBMikgFodHRwczovL3R3LnN0b2NrLnlhaG9vLmNvbS9uZXdzLyVFNyU5QiVBNCVFNSVCRSU4QyVFOSU4MCU5RiVFNSVBMCVCMS0lRTUlQUUlODUlRTklODUlOEQlRTklODAlOUEtMjY0Mi0lRTYlQUMlQTElRTQlQkElQTQlRTYlOTglOTMtNy0wOTA1MzEwODguaHRtbNIBAA?oc=5,Yahoo奇摩股市,盤後速報- 宅配通(2642)次交易(7)日除息1.5元，參考價44.35元 - Yahoo奇摩股市
95,2023-06-06 09:05:31,2642,https://news.google.com/rss/articles/CBMiJmh0dHBzOi8vbmV3cy5jbnllcy5jb20vbmV3cy9pZC81MjAzMjEw0gEA?oc=5,Anue鉅亨,盤後速報- 宅配通(2642)次交易(7)日除息1.5元，參考價44.35元| Anue ... - Anue鉅亨
96,2023-06-06 09:05:31,2642,https://news.google.com/rss/articles/CBMiJmh0dHBzOi8vbmV3cy5jbnllcy5jb20vbmV3cy9pZC81MjAzMjEw0gEqaHR0cHM6Ly9hbXAtbmV3cy5jbnllcy5jb20vbmV3cy9pZC81MjAzMjEw?oc=5,Anue鉅亨,盤後速報 - 宅配通(2642)次交易(7)日除息1.5元，參考價44.35元 - Anue鉅亨
97,2023-06-06 09:05:31,2642,https://news.google.com/rss/articles/CBMilAFodHRwczovL2hrLmZpbmFuY2UueWFob28uY29tL25ld3MvJUU3JTlCJUE0JUU1JUJFJThDJUU5JTgwJTlGJUU1JUEwJUIxLSVFNSVBRSU4NSVFOSU4NSU4RCVFOSU4MCU5QS0yNjQyLSVFNiVBQyVBMSVFNCVCQSVBNCVFNiU5OCU5My03LTA5MDUzMTIwNS5odG1s0gGcAWh0dHBzOi8vaGsuZmluYW5jZS55YWhvby5jb20vYW1waHRtbC9uZXdzLyVFNyU5QiVBNCVFNSVCRSU4QyVFOSU4MCU5RiVFNSVBMCVCMS0lRTUlQUUlODUlRTklODUlOEQlRTklODAlOUEtMjY0Mi0lRTYlQUMlQTElRTQlQkElQTQlRTYlOTglOTMtNy0wOTA1MzEyMDUuaHRtbA?oc=5,Yahoo,盤後速報 - 宅配通(2642)次交易(7)日除息1.5元，參考價44.35元 - Yahoo
98,2023-06-06 09:05:31,2642,https://news.google.com/rss/articles/CBMikwFodHRwczovL3R3LnNwb3J0cy55YWhvby5jb20vbmV3cy8lRTclOUIlQTQlRTUlQkUlOEMlRTklODAlOUYlRTUlQTAlQjEtJUU1JUFFJTg1JUU5JTg1JThEJUU5JTgwJTlBLTI2NDItJUU2JUFDJUExJUU0JUJBJUE0JUU2JTk4JTkzLTctMDkwNTMxMDg4Lmh0bWzSAZsBaHR0cHM6Ly90dy5zcG9ydHMueWFob28uY29tL2FtcGh0bWwvbmV3cy8lRTclOUIlQTQlRTUlQkUlOEMlRTklODAlOUYlRTUlQTAlQjEtJUU1JUFFJTg1JUU5JTg1JThEJUU5JTgwJTlBLTI2NDItJUU2JUFDJUExJUU0JUJBJUE0JUU2JTk4JTkzLTctMDkwNTMxMDg4Lmh0bWw?oc=5,Yahoo奇摩運動,盤後速報 - 宅配通(2642)次交易(7)日除息1.5元，參考價44.35元 - Yahoo奇摩運動
99,2023-06-06 09:05:31,2642,https://news.google.com/rss/articles/CBMikgFodHRwczovL3R3LnN0b2NrLnlhaG9vLmNvbS9uZXdzLyVFNyU5QiVBNCVFNSVCRSU4QyVFOSU4MCU5RiVFNSVBMCVCMS0lRTUlQUUlODUlRTklODUlOEQlRTklODAlOUEtMjY0Mi0lRTYlQUMlQTElRTQlQkElQTQlRTYlOTglOTMtNy0wOTA1MzEwODguaHRtbNIBmgFodHRwczovL3R3LnN0b2NrLnlhaG9vLmNvbS9hbXBodG1sL25ld3MvJUU3JTlCJUE0JUU1JUJFJThDJUU5JTgwJTlGJUU1JUEwJUIxLSVFNSVBRSU4NSVFOSU4NSU4RCVFOSU4MCU5QS0yNjQyLSVFNiVBQyVBMSVFNCVCQSVBNCVFNiU5OCU5My03LTA5MDUzMTA4OC5odG1s?oc=5,Yahoo奇摩股市,盤後速報 - 宅配通(2642)次交易(7)日除息1.5元，參考價44.35元 - Yahoo奇摩股市
100,2023-06-06 09:05:31,2642,https://news.google.com/rss/articles/CBMijAFodHRwczovL3R3Lm5ld3MueWFob28uY29tLyVFNyU5QiVBNCVFNSVCRSU4QyVFOSU4MCU5RiVFNSVBMCVCMS0lRTUlQUUlODUlRTklODUlOEQlRTklODAlOUEtMjY0Mi0lRTYlQUMlQTElRTQlQkElQTQlRTYlOTglOTMtNy0wOTA1MzEwODguaHRtbNIBlAFodHRwczovL3R3Lm5ld3MueWFob28uY29tL2FtcGh0bWwvJUU3JTlCJUE0JUU1JUJFJThDJUU5JTgwJTlGJUU1JUEwJUIxLSVFNSVBRSU4NSVFOSU4NSU4RCVFOSU4MCU5QS0yNjQyLSVFNiVBQyVBMSVFNCVCQSVBNCVFNiU5OCU5My03LTA5MDUzMTA4OC5odG1s?oc=5,Yahoo奇摩新聞,盤後速報 - 宅配通(2642)次交易(7)日除息1.5元，參考價44.35元 - Yahoo奇摩新聞
101,2023-06-07 06:09:19,2642,https://news.google.com/rss/articles/CBMiJmh0dHBzOi8vbmV3cy5jbnllcy5jb20vbmV3cy9pZC81MjA1OTM00gEA?oc=5,Anue鉅亨,宅配通:公告更正本公司109年及110年年報部分資訊及年報前十大股東 ... - Anue鉅亨
102,2023-06-07 06:09:19,2642,https://news.google.com/rss/articles/CBMiJmh0dHBzOi8vbmV3cy5jbnllcy5jb20vbmV3cy9pZC81MjA1OTM00gEqaHR0cHM6Ly9hbXAtbmV3cy5jbnllcy5jb20vbmV3cy9pZC81MjA1OTM0?oc=5,Anue鉅亨,宅配通:公告更正本公司109年及110年年報部分資訊及年報前十大股東相互關係表 - Anue鉅亨
103,2023-06-07 07:00:00,2642,https://news.google.com/rss/articles/CBMiwwFodHRwczovL3R3LnNwb3J0cy55YWhvby5jb20vbmV3cy8lRTUlODUlQUMlRTUlOTElOEEtJUU1JUFFJTg1JUU5JTg1JThEJUU5JTgwJTlBLTIwMjMlRTUlQjklQjQ1JUU2JTlDJTg4JUU1JTkwJTg4JUU0JUJEJUI1JUU3JTg3JTlGJUU2JTk0JUI2My01NyVFNSU4NCU4NCVFNSU4NSU4My0lRTUlQjklQjQlRTUlQTIlOUUtMDEwMTE4NjY1Lmh0bWzSAcsBaHR0cHM6Ly90dy5zcG9ydHMueWFob28uY29tL2FtcGh0bWwvbmV3cy8lRTUlODUlQUMlRTUlOTElOEEtJUU1JUFFJTg1JUU5JTg1JThEJUU5JTgwJTlBLTIwMjMlRTUlQjklQjQ1JUU2JTlDJTg4JUU1JTkwJTg4JUU0JUJEJUI1JUU3JTg3JTlGJUU2JTk0JUI2My01NyVFNSU4NCU4NCVFNSU4NSU4My0lRTUlQjklQjQlRTUlQTIlOUUtMDEwMTE4NjY1Lmh0bWw?oc=5,Yahoo奇摩運動,【公告】宅配通 2023年5月合併營收3.57億元 年增-10.74% - Yahoo奇摩運動
104,2023-06-07 07:00:00,2642,https://news.google.com/rss/articles/CBMiK2h0dHBzOi8vdG9kYXkubGluZS5tZS90dy92Mi9hcnRpY2xlL3Blbm5aTGHSAS9odHRwczovL3RvZGF5LmxpbmUubWUvdHcvdjIvYW1wL2FydGljbGUvcGVublpMYQ?oc=5,LINE TODAY Taiwan,盤後速報 - 宅配通(2642)下週(6月7日)除息1.5元，預估參考價44.0元 | anue鉅亨網 | LINE TODAY - LINE TODAY Taiwan
105,2023-06-17 08:26:14,2642,https://news.google.com/rss/articles/CBMiwQFodHRwczovL3R3LnNwb3J0cy55YWhvby5jb20vbmV3cy8lRTUlODUlQUMlRTUlOTElOEEtJUU1JUFFJTg1JUU5JTg1JThEJUU5JTgwJTlBJUU4JUE4JTgyJUU1JUFFJTlBJUU5JTk5JUE0JUU2JTgxJUFGJUU1JTlGJUJBJUU2JUJBJTk2JUU2JTk3JUE1JUU3JTlCJUI4JUU5JTk3JTlDJUU0JUJBJThCJUU1JUFFJTlDLTEwMTUzMTcyNC5odG1s0gHJAWh0dHBzOi8vdHcuc3BvcnRzLnlhaG9vLmNvbS9hbXBodG1sL25ld3MvJUU1JTg1JUFDJUU1JTkxJThBLSVFNSVBRSU4NSVFOSU4NSU4RCVFOSU4MCU5QSVFOCVBOCU4MiVFNSVBRSU5QSVFOSU5OSVBNCVFNiU4MSVBRiVFNSU5RiVCQSVFNiVCQSU5NiVFNiU5NyVBNSVFNyU5QiVCOCVFOSU5NyU5QyVFNCVCQSU4QiVFNSVBRSU5Qy0xMDE1MzE3MjQuaHRtbA?oc=5,Yahoo奇摩運動,【公告】宅配通訂定除息基準日相關事宜 - Yahoo奇摩運動
106,2023-06-18 07:00:00,2642,https://news.google.com/rss/articles/CBMiJmh0dHBzOi8vbmV3cy5jbnllcy5jb20vbmV3cy9pZC81MjIwMjAx0gEqaHR0cHM6Ly9hbXAtbmV3cy5jbnllcy5jb20vbmV3cy9pZC81MjIwMjAx?oc=5,Anue鉅亨,宅配通:公告本公司法人董事改派代表人 - Anue鉅亨
107,2023-06-19 06:05:07,2642,https://news.google.com/rss/articles/CBMiKWh0dHBzOi8vbS5jbnllcy5jb20vbmV3cy9pZC81MjIwMjAxP2V4cD1h0gEqaHR0cHM6Ly9hbXAtbmV3cy5jbnllcy5jb20vbmV3cy9pZC81MjIwMjAx?oc=5,鉅亨網,宅配通:公告本公司法人董事改派代表人 - 鉅亨網
108,2023-06-19 06:05:07,2642,https://news.google.com/rss/articles/CBMiJmh0dHBzOi8vbmV3cy5jbnllcy5jb20vbmV3cy9pZC81MjIwMjAx0gEqaHR0cHM6Ly9hbXAtbmV3cy5jbnllcy5jb20vbmV3cy9pZC81MjIwMjAx?oc=5,Anue鉅亨,宅配通:公告本公司法人董事改派代表人 - Anue鉅亨
109,2023-06-19 07:00:00,2642,https://news.google.com/rss/articles/CBMirwFodHRwczovL3R3LnNwb3J0cy55YWhvby5jb20vbmV3cy8lRTUlODUlQUMlRTUlOTElOEEtJUU1JUFFJTg1JUU5JTg1JThEJUU5JTgwJTlBJUU2JUIzJTk1JUU0JUJBJUJBJUU4JTkxJUEzJUU0JUJBJThCJUU2JTk0JUI5JUU2JUI0JUJFJUU0JUJCJUEzJUU4JUExJUE4JUU0JUJBJUJBLTA3MDIzNzYxNC5odG1s0gG3AWh0dHBzOi8vdHcuc3BvcnRzLnlhaG9vLmNvbS9hbXBodG1sL25ld3MvJUU1JTg1JUFDJUU1JTkxJThBLSVFNSVBRSU4NSVFOSU4NSU4RCVFOSU4MCU5QSVFNiVCMyU5NSVFNCVCQSVCQSVFOCU5MSVBMyVFNCVCQSU4QiVFNiU5NCVCOSVFNiVCNCVCRSVFNCVCQiVBMyVFOCVBMSVBOCVFNCVCQSVCQS0wNzAyMzc2MTQuaHRtbA?oc=5,Yahoo奇摩運動,【公告】宅配通法人董事改派代表人 - Yahoo奇摩運動
110,2023-06-19 07:25:15,2642,https://news.google.com/rss/articles/CBMirwFodHRwczovL3R3LnNwb3J0cy55YWhvby5jb20vbmV3cy8lRTUlODUlQUMlRTUlOTElOEEtJUU1JUFFJTg1JUU5JTg1JThEJUU5JTgwJTlBJUU2JUIzJTk1JUU0JUJBJUJBJUU4JTkxJUEzJUU0JUJBJThCJUU2JTk0JUI5JUU2JUI0JUJFJUU0JUJCJUEzJUU4JUExJUE4JUU0JUJBJUJBLTA3MDIzNzYxNC5odG1s0gG3AWh0dHBzOi8vdHcuc3BvcnRzLnlhaG9vLmNvbS9hbXBodG1sL25ld3MvJUU1JTg1JUFDJUU1JTkxJThBLSVFNSVBRSU4NSVFOSU4NSU4RCVFOSU4MCU5QSVFNiVCMyU5NSVFNCVCQSVCQSVFOCU5MSVBMyVFNCVCQSU4QiVFNiU5NCVCOSVFNiVCNCVCRSVFNCVCQiVBMyVFOCVBMSVBOCVFNCVCQSVCQS0wNzAyMzc2MTQuaHRtbA?oc=5,Yahoo奇摩運動,【公告】宅配通法人董事改派代表人 - Yahoo奇摩運動
111,2023-07-03 07:00:00,2642,https://news.google.com/rss/articles/CBMixAFodHRwczovL3R3LnNwb3J0cy55YWhvby5jb20vbmV3cy8lRTUlODUlQUMlRTUlOTElOEEtJUU2JTlCJUI0JUU2JUFEJUEzJUU1JUFFJTg1JUU5JTg1JThEJUU5JTgwJTlBMTExJUU1JUI5JUI0JUU0JUI4JUFEJUU2JTk2JTg3JUU1JUI5JUI0JUU1JUEwJUIxJUU5JTgzJUE4JUU1JTg4JTg2JUU4JUIzJTg3JUU4JUE4JThBLTEwMTA0NzQ2MC5odG1s0gHMAWh0dHBzOi8vdHcuc3BvcnRzLnlhaG9vLmNvbS9hbXBodG1sL25ld3MvJUU1JTg1JUFDJUU1JTkxJThBLSVFNiU5QiVCNCVFNiVBRCVBMyVFNSVBRSU4NSVFOSU4NSU4RCVFOSU4MCU5QTExMSVFNSVCOSVCNCVFNCVCOCVBRCVFNiU5NiU4NyVFNSVCOSVCNCVFNSVBMCVCMSVFOSU4MyVBOCVFNSU4OCU4NiVFOCVCMyU4NyVFOCVBOCU4QS0xMDEwNDc0NjAuaHRtbA?oc=5,Yahoo奇摩運動,【公告】更正宅配通111年中文年報部分資訊 - Yahoo奇摩運動
112,2023-07-03 07:00:00,2642,https://news.google.com/rss/articles/CBMiJmh0dHBzOi8vbmV3cy5jbnllcy5jb20vbmV3cy9pZC81MjM3MTMz0gEqaHR0cHM6Ly9hbXAtbmV3cy5jbnllcy5jb20vbmV3cy9pZC81MjM3MTMz?oc=5,Anue鉅亨,宅配通:公告更正本公司111年中文年報部分資訊 - Anue鉅亨
113,2023-07-03 09:46:36,2642,https://news.google.com/rss/articles/CBMiJmh0dHBzOi8vbmV3cy5jbnllcy5jb20vbmV3cy9pZC81MjM3MTMz0gEqaHR0cHM6Ly9hbXAtbmV3cy5jbnllcy5jb20vbmV3cy9pZC81MjM3MTMz?oc=5,Anue鉅亨,宅配通:公告更正本公司111年中文年報部分資訊 - Anue鉅亨
114,2023-07-04 07:00:00,2642,https://news.google.com/rss/articles/CBMiwwFodHRwczovL3R3LnNwb3J0cy55YWhvby5jb20vbmV3cy8lRTUlODUlQUMlRTUlOTElOEEtJUU1JUFFJTg1JUU5JTg1JThEJUU5JTgwJTlBLTIwMjMlRTUlQjklQjQ2JUU2JTlDJTg4JUU1JTkwJTg4JUU0JUJEJUI1JUU3JTg3JTlGJUU2JTk0JUI2My02NCVFNSU4NCU4NCVFNSU4NSU4My0lRTUlQjklQjQlRTUlQTIlOUUtMDMyMTIyMzE5Lmh0bWzSAcsBaHR0cHM6Ly90dy5zcG9ydHMueWFob28uY29tL2FtcGh0bWwvbmV3cy8lRTUlODUlQUMlRTUlOTElOEEtJUU1JUFFJTg1JUU5JTg1JThEJUU5JTgwJTlBLTIwMjMlRTUlQjklQjQ2JUU2JTlDJTg4JUU1JTkwJTg4JUU0JUJEJUI1JUU3JTg3JTlGJUU2JTk0JUI2My02NCVFNSU4NCU4NCVFNSU4NSU4My0lRTUlQjklQjQlRTUlQTIlOUUtMDMyMTIyMzE5Lmh0bWw?oc=5,Yahoo奇摩運動,【公告】宅配通 2023年6月合併營收3.64億元 年增-7.91% - Yahoo奇摩運動
115,2023-07-06 07:00:00,2642,https://news.google.com/rss/articles/CBMiPWh0dHBzOi8vbWF4ZmluYW5jaWFsbGlmZS5jb20vJUU1JUFFJTg1JUU5JTg1JThEJUU5JTgwJTlBMjY0Mi_SAQA?oc=5,法說會,2023宅配通（2642）｜宅配通配股配息怎麼算？宅配通殖利率高嗎？宅配通最晚買進日？ - MAX金融投機情報- 平衡財報 ... - 法說會
116,2023-07-06 07:00:00,2642,https://news.google.com/rss/articles/CBMiPWh0dHBzOi8vbWF4ZmluYW5jaWFsbGlmZS5jb20vJUU1JUFFJTg1JUU5JTg1JThEJUU5JTgwJTlBMjY0Mi_SAQA?oc=5,法說會,2023宅配通（2642）｜宅配通配股配息怎麼算？宅配通殖利率高嗎？宅配通最晚買進日？ - 法說會
117,2023-07-11 07:00:00,2642,https://news.google.com/rss/articles/CBMiJmh0dHBzOi8vbmV3cy5jbnllcy5jb20vbmV3cy9pZC81MjQ4Nzk10gEqaHR0cHM6Ly9hbXAtbmV3cy5jbnllcy5jb20vbmV3cy9pZC81MjQ4Nzk1?oc=5,Anue鉅亨,宅配通:公告更正本公司111年英文年報部分資訊 - Anue鉅亨
118,2023-07-12 02:24:36,2642,https://news.google.com/rss/articles/CBMiKWh0dHBzOi8vbS5jbnllcy5jb20vbmV3cy9pZC81MjQ4Nzk1P2V4cD1h0gEqaHR0cHM6Ly9hbXAtbmV3cy5jbnllcy5jb20vbmV3cy9pZC81MjQ4Nzk1?oc=5,鉅亨網,宅配通:公告更正本公司111年英文年報部分資訊 - 鉅亨網
119,2023-07-12 02:24:36,2642,https://news.google.com/rss/articles/CBMiKWh0dHBzOi8vbS5jbnllcy5jb20vbmV3cy9pZC81MjQ4Nzk1P2V4cD1h0gEqaHR0cHM6Ly9hbXAtbmV3cy5jbnllcy5jb20vbmV3cy9pZC81MjQ4Nzk1?oc=5,鉅亨,宅配通:公告更正本公司111年英文年報部分資訊 - 鉅亨
120,2023-07-12 02:24:36,2642,https://news.google.com/rss/articles/CBMiI2h0dHBzOi8vbS5jbnllcy5jb20vbmV3cy9pZC81MjQ4Nzk10gEA?oc=5,鉅亨網,宅配通:公告更正本公司111年英文年報部分資訊| Anue鉅亨- 台股公告 - 鉅亨網
121,2023-07-12 02:24:36,2642,https://news.google.com/rss/articles/CBMiI2h0dHBzOi8vbS5jbnllcy5jb20vbmV3cy9pZC81MjQ4Nzk10gEA?oc=5,Anue鉅亨,宅配通:公告更正本公司111年英文年報部分資訊| Anue鉅亨- 台股公告 - Anue鉅亨
122,2023-07-12 02:24:36,2642,https://news.google.com/rss/articles/CBMiJmh0dHBzOi8vbmV3cy5jbnllcy5jb20vbmV3cy9pZC81MjQ4Nzk10gEqaHR0cHM6Ly9hbXAtbmV3cy5jbnllcy5jb20vbmV3cy9pZC81MjQ4Nzk1?oc=5,Anue鉅亨,宅配通:公告更正本公司111年英文年報部分資訊 - Anue鉅亨
123,2023-07-14 07:00:00,2642,https://news.google.com/rss/articles/CBMiSmh0dHBzOi8vbWF4ZmluYW5jaWFsbGlmZS5jb20vJUU1JUFFJTg1JUU5JTg1JThEJUU5JTgwJTlBMjY0Mi1yZXZlbnVlLWluZm8v0gEA?oc=5,法說會,2023宅配通（2642）營收有多少？宅配通每月營業額？宅配通（2642）最新營收查詢？ - MAX金融投機情報- 平衡財報 ... - 法說會
124,2023-07-14 07:00:00,2642,https://news.google.com/rss/articles/CBMiSmh0dHBzOi8vbWF4ZmluYW5jaWFsbGlmZS5jb20vJUU1JUFFJTg1JUU5JTg1JThEJUU5JTgwJTlBMjY0Mi1yZXZlbnVlLWluZm8v0gEA?oc=5,法說會,2023宅配通（2642）營收有多少？宅配通每月營業額？宅配通（2642）最新營收查詢？ - 法說會
125,2023-07-23 07:00:00,2642,https://news.google.com/rss/articles/CBMiK2h0dHBzOi8vdG9kYXkubGluZS5tZS90dy92Mi9hcnRpY2xlL01MM1g2cDPSAS9odHRwczovL3RvZGF5LmxpbmUubWUvdHcvdjIvYW1wL2FydGljbGUvTUwzWDZwMw?oc=5,LINE TODAY Taiwan,宅配通下半年迎旺季，惟今年物流需求偏保守 | MoneyDJ理財網 | LINE TODAY - LINE TODAY Taiwan
126,2023-07-24 07:00:00,2642,https://news.google.com/rss/articles/CBMiWGh0dHBzOi8vd3d3Lm1vbmV5ZGouY29tL2ttZGovbmV3cy9uZXdzdmlld2VyLmFzcHg_YT05N2EzZmY0MC1mZGQ5LTQxMDUtOGVjYy01MmYwMWYyYTM1YTXSAQA?oc=5,MoneyDJ理財網,宅配通下半年迎旺季，惟今年物流需求偏保守- 新聞 - MoneyDJ理財網
127,2023-07-24 07:00:00,2642,https://news.google.com/rss/articles/CBMiWGh0dHBzOi8vd3d3Lm1vbmV5ZGouY29tL2ttZGovbmV3cy9uZXdzdmlld2VyLmFzcHg_YT05N2EzZmY0MC1mZGQ5LTQxMDUtOGVjYy01MmYwMWYyYTM1YTXSAQA?oc=5,MoneyDJ理財網,宅配通下半年迎旺季，惟今年物流需求偏保守 - MoneyDJ理財網
128,2023-08-04 05:15:00,2642,https://news.google.com/rss/articles/CBMixAFodHRwczovL3R3LnNwb3J0cy55YWhvby5jb20vbmV3cy8lRTUlODUlQUMlRTUlOTElOEEtJUU2JTlCJUI0JUU2JUFEJUEzJUU1JUFFJTg1JUU5JTg1JThEJUU5JTgwJTlBMTExJUU1JUI5JUI0JUU0JUI4JUFEJUU2JTk2JTg3JUU1JUI5JUI0JUU1JUEwJUIxJUU5JTgzJUE4JUU1JTg4JTg2JUU4JUIzJTg3JUU4JUE4JThBLTEwMTA0NzQ2MC5odG1s0gHMAWh0dHBzOi8vdHcuc3BvcnRzLnlhaG9vLmNvbS9hbXBodG1sL25ld3MvJUU1JTg1JUFDJUU1JTkxJThBLSVFNiU5QiVCNCVFNiVBRCVBMyVFNSVBRSU4NSVFOSU4NSU4RCVFOSU4MCU5QTExMSVFNSVCOSVCNCVFNCVCOCVBRCVFNiU5NiU4NyVFNSVCOSVCNCVFNSVBMCVCMSVFOSU4MyVBOCVFNSU4OCU4NiVFOCVCMyU4NyVFOCVBOCU4QS0xMDEwNDc0NjAuaHRtbA?oc=5,Yahoo奇摩運動,【公告】更正宅配通111年中文年報部分資訊 - Yahoo奇摩運動
129,2023-08-09 07:00:00,2642,https://news.google.com/rss/articles/CBMiJmh0dHBzOi8vbmV3cy5jbnllcy5jb20vbmV3cy9pZC81MjgzODQ40gEqaHR0cHM6Ly9hbXAtbmV3cy5jbnllcy5jb20vbmV3cy9pZC81MjgzODQ4?oc=5,Anue鉅亨,宅配通:公告本公司於董事會提報112年第二季合併財務報告 - Anue鉅亨
130,2023-08-09 07:00:00,2642,https://news.google.com/rss/articles/CBMiJmh0dHBzOi8vbmV3cy5jbnllcy5jb20vbmV3cy9pZC81MjgzODQ30gEqaHR0cHM6Ly9hbXAtbmV3cy5jbnllcy5jb20vbmV3cy9pZC81MjgzODQ3?oc=5,Anue鉅亨,宅配通:公告本公司公司治理主管異動 - Anue鉅亨
131,2023-08-10 06:09:16,2642,https://news.google.com/rss/articles/CBMiJmh0dHBzOi8vbmV3cy5jbnllcy5jb20vbmV3cy9pZC81MjgzODQ40gEqaHR0cHM6Ly9hbXAtbmV3cy5jbnllcy5jb20vbmV3cy9pZC81MjgzODQ4?oc=5,Anue鉅亨,宅配通:公告本公司於董事會提報112年第二季合併財務報告 - Anue鉅亨
132,2023-08-10 06:34:16,2642,https://news.google.com/rss/articles/CBMiJmh0dHBzOi8vbmV3cy5jbnllcy5jb20vbmV3cy9pZC81MjgzODQ30gEqaHR0cHM6Ly9hbXAtbmV3cy5jbnllcy5jb20vbmV3cy9pZC81MjgzODQ3?oc=5,Anue鉅亨,宅配通:公告本公司公司治理主管異動 - Anue鉅亨
133,2023-08-11 07:00:00,2642,https://news.google.com/rss/articles/CBMiyQFodHRwczovL3R3LnN0b2NrLnlhaG9vLmNvbS9uZXdzLyVFNSU4NSVBQyVFNSU5MSU4QS0lRTUlQUUlODUlRTklODUlOEQlRTklODAlOUElRTglOTElQTMlRTQlQkElOEIlRTYlOUMlODMlRTYlQjElQkElRTglQUQlQjAlRTUlOEYlOTYlRTUlQkUlOTclRTQlQkQlQkYlRTclOTQlQTglRTYlQUMlOEElRTglQjMlODclRTclOTQlQTItMTAwNzM5MTE1Lmh0bWzSAdEBaHR0cHM6Ly90dy5zdG9jay55YWhvby5jb20vYW1waHRtbC9uZXdzLyVFNSU4NSVBQyVFNSU5MSU4QS0lRTUlQUUlODUlRTklODUlOEQlRTklODAlOUElRTglOTElQTMlRTQlQkElOEIlRTYlOUMlODMlRTYlQjElQkElRTglQUQlQjAlRTUlOEYlOTYlRTUlQkUlOTclRTQlQkQlQkYlRTclOTQlQTglRTYlQUMlOEElRTglQjMlODclRTclOTQlQTItMTAwNzM5MTE1Lmh0bWw?oc=5,Yahoo奇摩股市,【公告】宅配通董事會決議取得使用權資產 - Yahoo奇摩股市
134,2023-08-11 08:59:58,2642,https://news.google.com/rss/articles/CBMiKWh0dHBzOi8vbS5jbnllcy5jb20vbmV3cy9pZC81Mjg3MDYyP2V4cD1h0gEqaHR0cHM6Ly9hbXAtbmV3cy5jbnllcy5jb20vbmV3cy9pZC81Mjg3MDYy?oc=5,Anue鉅亨,宅配通:公告本公司董事會決議取得使用權資產 - Anue鉅亨
135,2023-08-11 08:59:58,2642,https://news.google.com/rss/articles/CBMiKWh0dHBzOi8vbS5jbnllcy5jb20vbmV3cy9pZC81Mjg3MDYyP2V4cD1h0gEqaHR0cHM6Ly9hbXAtbmV3cy5jbnllcy5jb20vbmV3cy9pZC81Mjg3MDYy?oc=5,即時新聞首頁,宅配通:公告本公司董事會決議取得使用權資產 - 即時新聞首頁
136,2023-08-11 10:07:39,2642,https://news.google.com/rss/articles/CBMiyQFodHRwczovL3R3LnN0b2NrLnlhaG9vLmNvbS9uZXdzLyVFNSU4NSVBQyVFNSU5MSU4QS0lRTUlQUUlODUlRTklODUlOEQlRTklODAlOUElRTglOTElQTMlRTQlQkElOEIlRTYlOUMlODMlRTYlQjElQkElRTglQUQlQjAlRTUlOEYlOTYlRTUlQkUlOTclRTQlQkQlQkYlRTclOTQlQTglRTYlQUMlOEElRTglQjMlODclRTclOTQlQTItMTAwNzM5MTE1Lmh0bWzSAdEBaHR0cHM6Ly90dy5zdG9jay55YWhvby5jb20vYW1waHRtbC9uZXdzLyVFNSU4NSVBQyVFNSU5MSU4QS0lRTUlQUUlODUlRTklODUlOEQlRTklODAlOUElRTglOTElQTMlRTQlQkElOEIlRTYlOUMlODMlRTYlQjElQkElRTglQUQlQjAlRTUlOEYlOTYlRTUlQkUlOTclRTQlQkQlQkYlRTclOTQlQTglRTYlQUMlOEElRTglQjMlODclRTclOTQlQTItMTAwNzM5MTE1Lmh0bWw?oc=5,Yahoo奇摩股市,【公告】宅配通董事會決議取得使用權資產 - Yahoo奇摩股市
137,2023-08-13 07:00:00,2642,https://news.google.com/rss/articles/CBMiJmh0dHBzOi8vbmV3cy5jbnllcy5jb20vbmV3cy9pZC81Mjg4OTc50gEqaHR0cHM6Ly9hbXAtbmV3cy5jbnllcy5jb20vbmV3cy9pZC81Mjg4OTc5?oc=5,Anue鉅亨,宅配通:公告本公司會計主管異動 - Anue鉅亨
138,2023-08-14 05:51:27,2642,https://news.google.com/rss/articles/CBMiJmh0dHBzOi8vbmV3cy5jbnllcy5jb20vbmV3cy9pZC81Mjg4OTc50gEqaHR0cHM6Ly9hbXAtbmV3cy5jbnllcy5jb20vbmV3cy9pZC81Mjg4OTc5?oc=5,Anue鉅亨,宅配通:公告本公司會計主管異動 - Anue鉅亨
139,2023-08-16 07:00:00,2642,https://news.google.com/rss/articles/CBMiWGh0dHBzOi8vd3d3Lm1vbmV5ZGouY29tL2ttZGovbmV3cy9uZXdzdmlld2VyLmFzcHg_YT1hYjJlZmJmNi1hYTAyLTQwZTItOWY1Ni0wZGFjZTMxMTc2MjfSAQA?oc=5,MoneyDJ理財網,疫後實體經濟復甦，宅配通展望偏平 - MoneyDJ理財網
140,2023-08-16 07:00:00,2642,https://news.google.com/rss/articles/CBMiWGh0dHBzOi8vd3d3Lm1vbmV5ZGouY29tL2ttZGovbmV3cy9uZXdzdmlld2VyLmFzcHg_YT1hYjJlZmJmNi1hYTAyLTQwZTItOWY1Ni0wZGFjZTMxMTc2MjfSAQA?oc=5,MoneyDJ理財網,疫後實體經濟復甦，宅配通展望偏平- 新聞 - MoneyDJ理財網
141,2023-08-25 07:00:00,2642,https://news.google.com/rss/articles/CBMi9wFodHRwczovL3R3LnN0b2NrLnlhaG9vLmNvbS9uZXdzLyVFNSU4NSVBQyVFNSU5MSU4QS0lRTUlQUUlODUlRTklODUlOEQlRTklODAlOUElRTUlOEYlOTclRTklODIlODAlRTUlOEYlODMlRTUlOEElQTAlRTclQjUlQjEtJUU3JUI2JTlDJUU1JTkwJTg4JUU4JUFEJTg5JUU1JTg4JUI4JUU4JTg4JTg5JUU4JUJFJUE2JUU0JUI5JThCJUU2JUIzJTk1JUU0JUJBJUJBJUU4JUFBJUFBJUU2JTk4JThFJUU2JTlDJTgzLTA4MDIwNTkwMC5odG1s0gH_AWh0dHBzOi8vdHcuc3RvY2sueWFob28uY29tL2FtcGh0bWwvbmV3cy8lRTUlODUlQUMlRTUlOTElOEEtJUU1JUFFJTg1JUU5JTg1JThEJUU5JTgwJTlBJUU1JThGJTk3JUU5JTgyJTgwJUU1JThGJTgzJUU1JThBJUEwJUU3JUI1JUIxLSVFNyVCNiU5QyVFNSU5MCU4OCVFOCVBRCU4OSVFNSU4OCVCOCVFOCU4OCU4OSVFOCVCRSVBNiVFNCVCOSU4QiVFNiVCMyU5NSVFNCVCQSVCQSVFOCVBQSVBQSVFNiU5OCU4RSVFNiU5QyU4My0wODAyMDU5MDAuaHRtbA?oc=5,Yahoo奇摩股市,【公告】宅配通受邀參加統一綜合證券舉辦之法人說明會 - Yahoo奇摩股市
142,2023-08-25 08:02:05,2642,https://news.google.com/rss/articles/CBMi9wFodHRwczovL3R3LnN0b2NrLnlhaG9vLmNvbS9uZXdzLyVFNSU4NSVBQyVFNSU5MSU4QS0lRTUlQUUlODUlRTklODUlOEQlRTklODAlOUElRTUlOEYlOTclRTklODIlODAlRTUlOEYlODMlRTUlOEElQTAlRTclQjUlQjEtJUU3JUI2JTlDJUU1JTkwJTg4JUU4JUFEJTg5JUU1JTg4JUI4JUU4JTg4JTg5JUU4JUJFJUE2JUU0JUI5JThCJUU2JUIzJTk1JUU0JUJBJUJBJUU4JUFBJUFBJUU2JTk4JThFJUU2JTlDJTgzLTA4MDIwNTkwMC5odG1s0gH_AWh0dHBzOi8vdHcuc3RvY2sueWFob28uY29tL2FtcGh0bWwvbmV3cy8lRTUlODUlQUMlRTUlOTElOEEtJUU1JUFFJTg1JUU5JTg1JThEJUU5JTgwJTlBJUU1JThGJTk3JUU5JTgyJTgwJUU1JThGJTgzJUU1JThBJUEwJUU3JUI1JUIxLSVFNyVCNiU5QyVFNSU5MCU4OCVFOCVBRCU4OSVFNSU4OCVCOCVFOCU4OCU4OSVFOCVCRSVBNiVFNCVCOSU4QiVFNiVCMyU5NSVFNCVCQSVCQSVFOCVBQSVBQSVFNiU5OCU4RSVFNiU5QyU4My0wODAyMDU5MDAuaHRtbA?oc=5,Yahoo奇摩股市,【公告】宅配通受邀參加統一綜合證券舉辦之法人說明會 - Yahoo奇摩股市
143,2023-08-29 23:36:56,2642,https://news.google.com/rss/articles/CBMirwFodHRwczovL3R3LnNwb3J0cy55YWhvby5jb20vbmV3cy8lRTUlODUlQUMlRTUlOTElOEEtJUU1JUFFJTg1JUU5JTg1JThEJUU5JTgwJTlBJUU2JUIzJTk1JUU0JUJBJUJBJUU4JTkxJUEzJUU0JUJBJThCJUU2JTk0JUI5JUU2JUI0JUJFJUU0JUJCJUEzJUU4JUExJUE4JUU0JUJBJUJBLTA3MDIzNzYxNC5odG1s0gG3AWh0dHBzOi8vdHcuc3BvcnRzLnlhaG9vLmNvbS9hbXBodG1sL25ld3MvJUU1JTg1JUFDJUU1JTkxJThBLSVFNSVBRSU4NSVFOSU4NSU4RCVFOSU4MCU5QSVFNiVCMyU5NSVFNCVCQSVCQSVFOCU5MSVBMyVFNCVCQSU4QiVFNiU5NCVCOSVFNiVCNCVCRSVFNCVCQiVBMyVFOCVBMSVBOCVFNCVCQSVCQS0wNzAyMzc2MTQuaHRtbA?oc=5,Yahoo奇摩運動,【公告】宅配通法人董事改派代表人 - Yahoo奇摩運動
144,2023-09-04 07:00:00,2642,https://news.google.com/rss/articles/CBMiOGh0dHBzOi8vd3d3Lm1vYmlsZTAxLmNvbS90b3BpY2RldGFpbC5waHA_Zj0yOTEmdD02ODM5NjU10gEA?oc=5,Mobile01,2642宅配通驚傳財務危機! - Mobile01
145,2023-09-07 07:00:00,2642,https://news.google.com/rss/articles/CBMiwgFodHRwczovL3R3LnN0b2NrLnlhaG9vLmNvbS9uZXdzLyVFNSU4NSVBQyVFNSU5MSU4QS0lRTUlQUUlODUlRTklODUlOEQlRTklODAlOUEtMjAyMyVFNSVCOSVCNDglRTYlOUMlODglRTUlOTAlODglRTQlQkQlQjUlRTclODclOUYlRTYlOTQlQjYzLTU2JUU1JTg0JTg0JUU1JTg1JTgzLSVFNSVCOSVCNCVFNSVBMiU5RS0wMzIxMTY0NTAuaHRtbNIBAA?oc=5,Yahoo奇摩股市,【公告】宅配通2023年8月合併營收3.56億元年增-11.3% - Yahoo奇摩股市
146,2023-09-10 07:00:00,2642,https://news.google.com/rss/articles/CBMiwAFodHRwczovL3R3LnN0b2NrLnlhaG9vLmNvbS9uZXdzLyVFOCU4OCVBQSVFOSU4MSU4QiVFOCU4MiVBMS0lRTUlOEYlQjAlRTclODElQTMlRTUlQUUlODUlRTklODUlOEQlRTklODAlOUElRTUlQkMlQjclRTYlOTQlQkIlRTUlODYlQjclRTklOEYlODglRTclODklQTklRTYlQjUlODElRTUlOTUlODYlRTYlQTklOUYtMDMyMDAzNDI1Lmh0bWzSAcgBaHR0cHM6Ly90dy5zdG9jay55YWhvby5jb20vYW1waHRtbC9uZXdzLyVFOCU4OCVBQSVFOSU4MSU4QiVFOCU4MiVBMS0lRTUlOEYlQjAlRTclODElQTMlRTUlQUUlODUlRTklODUlOEQlRTklODAlOUElRTUlQkMlQjclRTYlOTQlQkIlRTUlODYlQjclRTklOEYlODglRTclODklQTklRTYlQjUlODElRTUlOTUlODYlRTYlQTklOUYtMDMyMDAzNDI1Lmh0bWw?oc=5,Yahoo奇摩股市,《航運股》台灣宅配通強攻冷鏈物流商機 - Yahoo奇摩股市
147,2023-09-10 07:00:00,2642,https://news.google.com/rss/articles/CBMiJmh0dHBzOi8vbmV3cy5jbnllcy5jb20vbmV3cy9pZC81MzE4ODcx0gEqaHR0cHM6Ly9hbXAtbmV3cy5jbnllcy5jb20vbmV3cy9pZC81MzE4ODcx?oc=5,Anue鉅亨,宅配通8月營收3.56億元年減11.3% 1—8月達27.70億元 - Anue鉅亨
148,2023-09-10 07:00:00,2642,https://news.google.com/rss/articles/CBMiugFodHRwczovL3R3Lm5ld3MueWFob28uY29tLyVFOCU4OCVBQSVFOSU4MSU4QiVFOCU4MiVBMS0lRTUlOEYlQjAlRTclODElQTMlRTUlQUUlODUlRTklODUlOEQlRTklODAlOUElRTUlQkMlQjclRTYlOTQlQkIlRTUlODYlQjclRTklOEYlODglRTclODklQTklRTYlQjUlODElRTUlOTUlODYlRTYlQTklOUYtMDMyMDAzNDI1Lmh0bWzSAcIBaHR0cHM6Ly90dy5uZXdzLnlhaG9vLmNvbS9hbXBodG1sLyVFOCU4OCVBQSVFOSU4MSU4QiVFOCU4MiVBMS0lRTUlOEYlQjAlRTclODElQTMlRTUlQUUlODUlRTklODUlOEQlRTklODAlOUElRTUlQkMlQjclRTYlOTQlQkIlRTUlODYlQjclRTklOEYlODglRTclODklQTklRTYlQjUlODElRTUlOTUlODYlRTYlQTklOUYtMDMyMDAzNDI1Lmh0bWw?oc=5,Yahoo奇摩新聞,《航運股》台灣宅配通強攻冷鏈物流商機 - Yahoo奇摩新聞
149,2023-09-11 03:28:44,2642,https://news.google.com/rss/articles/CBMiVmh0dHBzOi8vd3d3LmNoaW5hdGltZXMuY29tL3JlYWx0aW1lbmV3cy8yMDIzMDkxMTAwMjA3MS0yNjA0MTA_Y3RyYWNrPXBjX21haW5fcnRpbWVfcDA10gEA?oc=5,中時新聞網 Chinatimes.com,《航運股》台灣宅配通強攻冷鏈物流商機- 財經 - 中時新聞網 Chinatimes.com
150,2023-09-11 03:28:44,2642,https://news.google.com/rss/articles/CBMiVmh0dHBzOi8vd3d3LmNoaW5hdGltZXMuY29tL3JlYWx0aW1lbmV3cy8yMDIzMDkxMTAwMjA3MS0yNjA0MTA_Y3RyYWNrPXBjX21haW5fcnRpbWVfcDA10gFBaHR0cHM6Ly93d3cuY2hpbmF0aW1lcy5jb20vYW1wL3JlYWx0aW1lbmV3cy8yMDIzMDkxMTAwMjA3MS0yNjA0MTA?oc=5,中時新聞網 Chinatimes.com,《航運股》台灣宅配通強攻冷鏈物流商機 - 中時新聞網 Chinatimes.com
151,2023-09-11 03:33:33,2642,https://news.google.com/rss/articles/CBMiwAFodHRwczovL3R3LnN0b2NrLnlhaG9vLmNvbS9uZXdzLyVFOCU4OCVBQSVFOSU4MSU4QiVFOCU4MiVBMS0lRTUlOEYlQjAlRTclODElQTMlRTUlQUUlODUlRTklODUlOEQlRTklODAlOUElRTUlQkMlQjclRTYlOTQlQkIlRTUlODYlQjclRTklOEYlODglRTclODklQTklRTYlQjUlODElRTUlOTUlODYlRTYlQTklOUYtMDMyMDAzNDI1Lmh0bWzSAcgBaHR0cHM6Ly90dy5zdG9jay55YWhvby5jb20vYW1waHRtbC9uZXdzLyVFOCU4OCVBQSVFOSU4MSU4QiVFOCU4MiVBMS0lRTUlOEYlQjAlRTclODElQTMlRTUlQUUlODUlRTklODUlOEQlRTklODAlOUElRTUlQkMlQjclRTYlOTQlQkIlRTUlODYlQjclRTklOEYlODglRTclODklQTklRTYlQjUlODElRTUlOTUlODYlRTYlQTklOUYtMDMyMDAzNDI1Lmh0bWw?oc=5,Yahoo奇摩股市,《航運股》台灣宅配通強攻冷鏈物流商機 - Yahoo奇摩股市
152,2023-09-11 03:33:43,2642,https://news.google.com/rss/articles/CBMiwAFodHRwczovL3R3LnN0b2NrLnlhaG9vLmNvbS9uZXdzLyVFOCU4OCVBQSVFOSU4MSU4QiVFOCU4MiVBMS0lRTUlOEYlQjAlRTclODElQTMlRTUlQUUlODUlRTklODUlOEQlRTklODAlOUElRTUlQkMlQjclRTYlOTQlQkIlRTUlODYlQjclRTklOEYlODglRTclODklQTklRTYlQjUlODElRTUlOTUlODYlRTYlQTklOUYtMDMyMDAzNDI1Lmh0bWzSAcgBaHR0cHM6Ly90dy5zdG9jay55YWhvby5jb20vYW1waHRtbC9uZXdzLyVFOCU4OCVBQSVFOSU4MSU4QiVFOCU4MiVBMS0lRTUlOEYlQjAlRTclODElQTMlRTUlQUUlODUlRTklODUlOEQlRTklODAlOUElRTUlQkMlQjclRTYlOTQlQkIlRTUlODYlQjclRTklOEYlODglRTclODklQTklRTYlQjUlODElRTUlOTUlODYlRTYlQTklOUYtMDMyMDAzNDI1Lmh0bWw?oc=5,Yahoo奇摩股市,《航運股》台灣宅配通強攻冷鏈物流商機 - Yahoo奇摩股市
153,2023-09-11 07:00:00,2642,https://news.google.com/rss/articles/CBMingFodHRwczovL3R3Lm5ld3MueWFob28uY29tLyVFNSU4RiVCMCVFNyU4MSVBMyVFNSVBRSU4NSVFOSU4NSU4RCVFOSU4MCU5QSVFNSVCQyVCNyVFNiU5NCVCQiVFNSU4NiVCNyVFOSU4RiU4OCVFNyU4OSVBOSVFNiVCNSU4MSVFNSU5NSU4NiVFNiVBOSU5Ri0xNzQ2MTY5ODkuaHRtbNIBpgFodHRwczovL3R3Lm5ld3MueWFob28uY29tL2FtcGh0bWwvJUU1JThGJUIwJUU3JTgxJUEzJUU1JUFFJTg1JUU5JTg1JThEJUU5JTgwJTlBJUU1JUJDJUI3JUU2JTk0JUJCJUU1JTg2JUI3JUU5JThGJTg4JUU3JTg5JUE5JUU2JUI1JTgxJUU1JTk1JTg2JUU2JUE5JTlGLTE3NDYxNjk4OS5odG1s?oc=5,Yahoo,台灣宅配通強攻冷鏈物流商機 - Yahoo
154,2023-09-11 07:00:00,2642,https://news.google.com/rss/articles/CBMiPmh0dHBzOi8vd3d3Lm1vbmV5d2Vla2x5LmNvbS50dy9BcnRpY2xlRGF0YS9JbmZvL0FydGljbGUvMTI4NjY10gEA?oc=5,理財周刊,迎接雙11購物檔期物流需求 台灣宅配通強攻冷鏈物流商機 - 理財周刊
155,2023-09-11 07:00:00,2642,https://news.google.com/rss/articles/CBMiQGh0dHBzOi8vd3d3LmNoaW5hdGltZXMuY29tL2NuL3JlYWx0aW1lbmV3cy8yMDIzMDkxMTAwMjA3MS0yNjA0MTDSAUFodHRwczovL3d3dy5jaGluYXRpbWVzLmNvbS9hbXAvcmVhbHRpbWVuZXdzLzIwMjMwOTExMDAyMDcxLTI2MDQxMA?oc=5,中時新聞網 Chinatimes.com,《航運股》台灣宅配通強攻冷鏈物流商機 - 中時新聞網 Chinatimes.com
156,2023-09-11 07:00:00,2642,https://news.google.com/rss/articles/CBMingFodHRwczovL3R3Lm5ld3MueWFob28uY29tLyVFNSU4RiVCMCVFNyU4MSVBMyVFNSVBRSU4NSVFOSU4NSU4RCVFOSU4MCU5QSVFNSVCQyVCNyVFNiU5NCVCQiVFNSU4NiVCNyVFOSU4RiU4OCVFNyU4OSVBOSVFNiVCNSU4MSVFNSU5NSU4NiVFNiVBOSU5Ri0xNzQ2MTY5ODkuaHRtbNIBpgFodHRwczovL3R3Lm5ld3MueWFob28uY29tL2FtcGh0bWwvJUU1JThGJUIwJUU3JTgxJUEzJUU1JUFFJTg1JUU5JTg1JThEJUU5JTgwJTlBJUU1JUJDJUI3JUU2JTk0JUJCJUU1JTg2JUI3JUU5JThGJTg4JUU3JTg5JUE5JUU2JUI1JTgxJUU1JTk1JTg2JUU2JUE5JTlGLTE3NDYxNjk4OS5odG1s?oc=5,Yahoo奇摩新聞,台灣宅配通強攻冷鏈物流商機 - Yahoo奇摩新聞
157,2023-09-11 07:00:00,2642,https://news.google.com/rss/articles/CBMiMmh0dHBzOi8vZWMubHRuLmNvbS50dy9hcnRpY2xlL2JyZWFraW5nbmV3cy80NDI0NzI20gE2aHR0cHM6Ly9lYy5sdG4uY29tLnR3L2FtcC9hcnRpY2xlL2JyZWFraW5nbmV3cy80NDI0NzI2?oc=5,自由財經,台灣宅配通跨入冷凍、冷藏倉儲市場 - 自由財經
158,2023-09-11 07:00:00,2642,https://news.google.com/rss/articles/CBMiOmh0dHBzOi8vd2FudHJpY2guY2hpbmF0aW1lcy5jb20vbmV3cy8yMDIzMDkxMTkwMDUyMC00MjAxMDHSAT5odHRwczovL3dhbnRyaWNoLmNoaW5hdGltZXMuY29tL2FtcC9uZXdzLzIwMjMwOTExOTAwNTIwLTQyMDEwMQ?oc=5,旺得富 WantRich,《航運股》台灣宅配通強攻冷鏈物流商機 - 旺得富 WantRich
159,2023-09-11 07:00:00,2642,https://news.google.com/rss/articles/CBMiiAJodHRwczovL3d3dy50YWl3YW5ob3QubmV0L25ld3MvMTA0NDE2Ny8lRTglQkYlOEUlRTYlOEUlQTUlRTklOUIlOTkxMSVFOCVCMyVCQyVFNyU4OSVBOSVFNiVBQSU5NCVFNiU5QyU5RiVFNyU4OSVBOSVFNiVCNSU4MSVFOSU5QyU4MCVFNiVCMSU4MiVDMiVBMCslRTUlOEYlQjAlRTclODElQTMlRTUlQUUlODUlRTklODUlOEQlRTklODAlOUElRTUlQkMlQjclRTYlOTQlQkIlRTUlODYlQjclRTklOEYlODglRTclODklQTklRTYlQjUlODElRTUlOTUlODYlRTYlQTklOUbSAQA?oc=5,台灣好新聞,迎接雙11購物檔期物流需求台灣宅配通強攻冷鏈物流商機 - 台灣好新聞
160,2023-09-11 07:00:00,2642,https://news.google.com/rss/articles/CBMipQFodHRwczovL3R3LnNwb3J0cy55YWhvby5jb20vbmV3cy8lRTUlOEYlQjAlRTclODElQTMlRTUlQUUlODUlRTklODUlOEQlRTklODAlOUElRTUlQkMlQjclRTYlOTQlQkIlRTUlODYlQjclRTklOEYlODglRTclODklQTklRTYlQjUlODElRTUlOTUlODYlRTYlQTklOUYtMTc0NjE2OTg5Lmh0bWzSAa0BaHR0cHM6Ly90dy5zcG9ydHMueWFob28uY29tL2FtcGh0bWwvbmV3cy8lRTUlOEYlQjAlRTclODElQTMlRTUlQUUlODUlRTklODUlOEQlRTklODAlOUElRTUlQkMlQjclRTYlOTQlQkIlRTUlODYlQjclRTklOEYlODglRTclODklQTklRTYlQjUlODElRTUlOTUlODYlRTYlQTklOUYtMTc0NjE2OTg5Lmh0bWw?oc=5,Yahoo奇摩運動,台灣宅配通強攻冷鏈物流商機 - Yahoo奇摩運動
161,2023-09-11 07:00:00,2642,https://news.google.com/rss/articles/CBMiPWh0dHBzOi8vd3d3LmNoaW5hdGltZXMuY29tL3JlYWx0aW1lbmV3cy8yMDIzMDkxMTAwMjA3MS0yNjA0MTDSAUFodHRwczovL3d3dy5jaGluYXRpbWVzLmNvbS9hbXAvcmVhbHRpbWVuZXdzLzIwMjMwOTExMDAyMDcxLTI2MDQxMA?oc=5,中時新聞網,《航運股》台灣宅配通強攻冷鏈物流商機 - 中時新聞網
162,2023-09-11 07:00:00,2642,https://news.google.com/rss/articles/CBMiOmh0dHBzOi8vd2FudHJpY2guY2hpbmF0aW1lcy5jb20vbmV3cy8yMDIzMDkxMTkwMDUyMC00MjAxMDHSAT5odHRwczovL3dhbnRyaWNoLmNoaW5hdGltZXMuY29tL2FtcC9uZXdzLzIwMjMwOTExOTAwNTIwLTQyMDEwMQ?oc=5,旺得富,《航運股》台灣宅配通強攻冷鏈物流商機 - 旺得富
163,2023-09-11 10:01:06,2642,https://news.google.com/rss/articles/CBMiiAJodHRwczovL3d3dy50YWl3YW5ob3QubmV0L25ld3MvMTA0NDE2Ny8lRTglQkYlOEUlRTYlOEUlQTUlRTklOUIlOTkxMSVFOCVCMyVCQyVFNyU4OSVBOSVFNiVBQSU5NCVFNiU5QyU5RiVFNyU4OSVBOSVFNiVCNSU4MSVFOSU5QyU4MCVFNiVCMSU4MiVDMiVBMCslRTUlOEYlQjAlRTclODElQTMlRTUlQUUlODUlRTklODUlOEQlRTklODAlOUElRTUlQkMlQjclRTYlOTQlQkIlRTUlODYlQjclRTklOEYlODglRTclODklQTklRTYlQjUlODElRTUlOTUlODYlRTYlQTklOUbSAQA?oc=5,台灣好新聞,迎接雙11購物檔期物流需求台灣宅配通強攻冷鏈物流商機 - 台灣好新聞
164,2023-09-11 17:46:16,2642,https://news.google.com/rss/articles/CBMingFodHRwczovL3R3Lm5ld3MueWFob28uY29tLyVFNSU4RiVCMCVFNyU4MSVBMyVFNSVBRSU4NSVFOSU4NSU4RCVFOSU4MCU5QSVFNSVCQyVCNyVFNiU5NCVCQiVFNSU4NiVCNyVFOSU4RiU4OCVFNyU4OSVBOSVFNiVCNSU4MSVFNSU5NSU4NiVFNiVBOSU5Ri0xNzQ2MTY5ODkuaHRtbNIBpgFodHRwczovL3R3Lm5ld3MueWFob28uY29tL2FtcGh0bWwvJUU1JThGJUIwJUU3JTgxJUEzJUU1JUFFJTg1JUU5JTg1JThEJUU5JTgwJTlBJUU1JUJDJUI3JUU2JTk0JUJCJUU1JTg2JUI3JUU5JThGJTg4JUU3JTg5JUE5JUU2JUI1JTgxJUU1JTk1JTg2JUU2JUE5JTlGLTE3NDYxNjk4OS5odG1s?oc=5,Yahoo奇摩新聞,台灣宅配通強攻冷鏈物流商機 - Yahoo奇摩新聞
165,2023-09-11 23:18:00,2642,https://news.google.com/rss/articles/CBMiMmh0dHBzOi8vd3d3LmN0ZWUuY29tLnR3L25ld3MvMjAyMzA5MTI3MDIxMDMtNDMwNTAz0gEA?oc=5,工商時報,台灣宅配通跨足低溫冷凍、冷藏倉儲市場 - 工商時報
166,2023-09-12 07:00:00,2642,https://news.google.com/rss/articles/CBMiK2h0dHBzOi8vdG9kYXkubGluZS5tZS90dy92Mi9hcnRpY2xlL2VMSjFQNk_SAS9odHRwczovL3RvZGF5LmxpbmUubWUvdHcvdjIvYW1wL2FydGljbGUvZUxKMVA2Tw?oc=5,LINE TODAY Taiwan,宅配通更正111年中文年報部分資訊 | MoneyDJ理財網 | LINE TODAY - LINE TODAY Taiwan
167,2023-09-13 07:00:00,2642,https://news.google.com/rss/articles/CBMiMmh0dHBzOi8vd3d3LmN0ZWUuY29tLnR3L25ld3MvMjAyMzA5MTI3MDIxMDMtNDMwNTAz0gEA?oc=5,工商時報,台灣宅配通跨足低溫冷凍、冷藏倉儲市場 - 工商時報
168,2023-10-02 07:00:00,2642,https://news.google.com/rss/articles/CBMiK2h0dHBzOi8vdG9kYXkubGluZS5tZS90dy92Mi9hcnRpY2xlLzltTXdyTnHSAS9odHRwczovL3RvZGF5LmxpbmUubWUvdHcvdjIvYW1wL2FydGljbGUvOW1Nd3JOcQ?oc=5,LINE TODAY Taiwan,宅配通 112年9月營收3.65億、年減0.29% | MoneyDJ理財網 | LINE TODAY - LINE TODAY Taiwan
169,2023-10-02 07:00:00,2642,https://news.google.com/rss/articles/CBMiwgFodHRwczovL3R3LnN0b2NrLnlhaG9vLmNvbS9uZXdzLyVFNSU4NSVBQyVFNSU5MSU4QS0lRTUlQUUlODUlRTklODUlOEQlRTklODAlOUEtMjAyMyVFNSVCOSVCNDklRTYlOUMlODglRTUlOTAlODglRTQlQkQlQjUlRTclODclOUYlRTYlOTQlQjYzLTY1JUU1JTg0JTg0JUU1JTg1JTgzLSVFNSVCOSVCNCVFNSVBMiU5RS0wMjIxMTIyODUuaHRtbNIBAA?oc=5,Yahoo奇摩股市,【公告】宅配通2023年9月合併營收3.65億元年增-0.29% - Yahoo奇摩股市
170,2023-10-03 03:34:16,2642,https://news.google.com/rss/articles/CBMiK2h0dHBzOi8vdG9kYXkubGluZS5tZS90dy92Mi9hcnRpY2xlLzltTXdyTnHSAS9odHRwczovL3RvZGF5LmxpbmUubWUvdHcvdjIvYW1wL2FydGljbGUvOW1Nd3JOcQ?oc=5,LINE TODAY Taiwan,宅配通 112年9月營收3.65億、年減0.29% | MoneyDJ理財網 | LINE TODAY - LINE TODAY Taiwan
171,2023-10-03 07:00:00,2642,https://news.google.com/rss/articles/CBMiVmh0dHBzOi8vd3cyLm1vbmV5LWxpbmsuY29tLnR3L1JlYWx0aW1lTmV3cy9OZXdzQ29udGVudC5hc3B4P3NuPTUyODY4MTQwMDEmcHU9TmV3c18wMDQ20gEA?oc=5,富聯網,《業績-航運》宅配通9月營收為3.65億元，年減0.29% - 富聯網
172,2023-10-04 11:07:26,2642,https://news.google.com/rss/articles/CBMiK2h0dHBzOi8vdG9kYXkubGluZS5tZS90dy92Mi9hcnRpY2xlLzltTXdyTnHSAS9odHRwczovL3RvZGF5LmxpbmUubWUvdHcvdjIvYW1wL2FydGljbGUvOW1Nd3JOcQ?oc=5,LINE TODAY Taiwan,宅配通 112年9月營收3.65億、年減0.29% | MoneyDJ理財網 | LINE TODAY - LINE TODAY Taiwan
173,2023-10-16 07:00:00,2642,https://news.google.com/rss/articles/CBMiK2h0dHBzOi8vdG9kYXkubGluZS5tZS90dy92Mi9hcnRpY2xlL1JCSlpYNVfSAS9odHRwczovL3RvZGF5LmxpbmUubWUvdHcvdjIvYW1wL2FydGljbGUvUkJKWlg1Vw?oc=5,LINE TODAY Taiwan,宅配通內部稽核主管代理人由鍾燕晴擔任 | MoneyDJ理財網 | LINE TODAY - LINE TODAY Taiwan
174,2023-10-16 07:19:24,2642,https://news.google.com/rss/articles/CBMiK2h0dHBzOi8vdG9kYXkubGluZS5tZS90dy92Mi9hcnRpY2xlL1JCSlpYNVfSAS9odHRwczovL3RvZGF5LmxpbmUubWUvdHcvdjIvYW1wL2FydGljbGUvUkJKWlg1Vw?oc=5,LINE TODAY Taiwan,宅配通內部稽核主管代理人由鍾燕晴擔任 | MoneyDJ理財網 | LINE TODAY - LINE TODAY Taiwan
175,2023-10-16 07:20:12,2642,https://news.google.com/rss/articles/CBMiK2h0dHBzOi8vdG9kYXkubGluZS5tZS90dy92Mi9hcnRpY2xlL1JCSlpYNVfSAS9odHRwczovL3RvZGF5LmxpbmUubWUvdHcvdjIvYW1wL2FydGljbGUvUkJKWlg1Vw?oc=5,LINE TODAY Taiwan,宅配通內部稽核主管代理人由鍾燕晴擔任 | MoneyDJ理財網 | LINE TODAY - LINE TODAY Taiwan
176,2023-10-16 08:20:47,2642,https://news.google.com/rss/articles/CBMiK2h0dHBzOi8vdG9kYXkubGluZS5tZS90dy92Mi9hcnRpY2xlL1JCSlpYNVfSAS9odHRwczovL3RvZGF5LmxpbmUubWUvdHcvdjIvYW1wL2FydGljbGUvUkJKWlg1Vw?oc=5,LINE TODAY Taiwan,宅配通內部稽核主管代理人由鍾燕晴擔任 | MoneyDJ理財網 | LINE TODAY - LINE TODAY Taiwan
177,2023-10-16 19:30:08,2642,https://news.google.com/rss/articles/CBMiK2h0dHBzOi8vdG9kYXkubGluZS5tZS90dy92Mi9hcnRpY2xlL1JCSlpYNVfSAS9odHRwczovL3RvZGF5LmxpbmUubWUvdHcvdjIvYW1wL2FydGljbGUvUkJKWlg1Vw?oc=5,LINE TODAY Taiwan,宅配通內部稽核主管代理人由鍾燕晴擔任 | MoneyDJ理財網 | LINE TODAY - LINE TODAY Taiwan
178,2023-10-17 13:23:33,2642,https://news.google.com/rss/articles/CBMiK2h0dHBzOi8vdG9kYXkubGluZS5tZS90dy92Mi9hcnRpY2xlL1JCSlpYNVfSAS9odHRwczovL3RvZGF5LmxpbmUubWUvdHcvdjIvYW1wL2FydGljbGUvUkJKWlg1Vw?oc=5,LINE TODAY Taiwan,宅配通內部稽核主管代理人由鍾燕晴擔任 | MoneyDJ理財網 | LINE TODAY - LINE TODAY Taiwan
179,2023-10-19 07:00:00,2642,https://news.google.com/rss/articles/CBMiK2h0dHBzOi8vdG9kYXkubGluZS5tZS90dy92Mi9hcnRpY2xlL1BHMkVQWWzSAS9odHRwczovL3RvZGF5LmxpbmUubWUvdHcvdjIvYW1wL2FydGljbGUvUEcyRVBZbA?oc=5,LINE TODAY Taiwan,宅配通更正109年中文年報部分資訊 | MoneyDJ理財網 | LINE TODAY - LINE TODAY Taiwan
180,2023-10-20 01:33:54,2642,https://news.google.com/rss/articles/CBMiK2h0dHBzOi8vdG9kYXkubGluZS5tZS90dy92Mi9hcnRpY2xlL1BHMkVQWWzSAS9odHRwczovL3RvZGF5LmxpbmUubWUvdHcvdjIvYW1wL2FydGljbGUvUEcyRVBZbA?oc=5,LINE TODAY Taiwan,宅配通更正109年中文年報部分資訊 | MoneyDJ理財網 | LINE TODAY - LINE TODAY Taiwan
181,2023-10-20 01:47:20,2642,https://news.google.com/rss/articles/CBMiK2h0dHBzOi8vdG9kYXkubGluZS5tZS90dy92Mi9hcnRpY2xlL1BHMkVQWWzSAS9odHRwczovL3RvZGF5LmxpbmUubWUvdHcvdjIvYW1wL2FydGljbGUvUEcyRVBZbA?oc=5,LINE TODAY Taiwan,宅配通更正109年中文年報部分資訊 | MoneyDJ理財網 | LINE TODAY - LINE TODAY Taiwan
182,2023-10-20 02:26:14,2642,https://news.google.com/rss/articles/CBMiK2h0dHBzOi8vdG9kYXkubGluZS5tZS90dy92Mi9hcnRpY2xlL1BHMkVQWWzSAS9odHRwczovL3RvZGF5LmxpbmUubWUvdHcvdjIvYW1wL2FydGljbGUvUEcyRVBZbA?oc=5,LINE TODAY Taiwan,宅配通更正109年中文年報部分資訊 | MoneyDJ理財網 | LINE TODAY - LINE TODAY Taiwan
183,2023-10-20 02:27:29,2642,https://news.google.com/rss/articles/CBMiK2h0dHBzOi8vdG9kYXkubGluZS5tZS90dy92Mi9hcnRpY2xlL1BHMkVQWWzSAS9odHRwczovL3RvZGF5LmxpbmUubWUvdHcvdjIvYW1wL2FydGljbGUvUEcyRVBZbA?oc=5,LINE TODAY Taiwan,宅配通更正109年中文年報部分資訊 | MoneyDJ理財網 | LINE TODAY - LINE TODAY Taiwan
184,2023-10-20 05:13:43,2642,https://news.google.com/rss/articles/CBMiK2h0dHBzOi8vdG9kYXkubGluZS5tZS90dy92Mi9hcnRpY2xlL1BHMkVQWWzSAS9odHRwczovL3RvZGF5LmxpbmUubWUvdHcvdjIvYW1wL2FydGljbGUvUEcyRVBZbA?oc=5,LINE TODAY Taiwan,宅配通更正109年中文年報部分資訊 | MoneyDJ理財網 | LINE TODAY - LINE TODAY Taiwan
185,2023-10-29 07:00:00,2642,https://news.google.com/rss/articles/CBMiJmh0dHBzOi8vbmV3cy5jbnllcy5jb20vbmV3cy9pZC81MzYwMDI00gEA?oc=5,Anue鉅亨,盤中速報- 宅配通(2642)急跌-2.22%報39.6元，成交44張 | Anue鉅亨 ... - Anue鉅亨
186,2023-10-29 07:00:00,2642,https://news.google.com/rss/articles/CBMiJmh0dHBzOi8vbmV3cy5jbnllcy5jb20vbmV3cy9pZC81MzYwMDI00gEA?oc=5,Anue鉅亨,盤中速報- 宅配通(2642)急跌-2.22%報39.6元，成交44張 | Anue鉅亨- 台股盤中 - Anue鉅亨
187,2023-10-30 01:08:47,2642,https://news.google.com/rss/articles/CBMiJmh0dHBzOi8vbmV3cy5jbnllcy5jb20vbmV3cy9pZC81MzYwMDI00gEA?oc=5,Anue鉅亨,盤中速報- 宅配通(2642)急跌-2.22%報39.6元，成交44張 | Anue鉅亨 ... - Anue鉅亨
188,2023-11-05 07:00:00,2642,https://news.google.com/rss/articles/CBMiK2h0dHBzOi8vdG9kYXkubGluZS5tZS90dy92Mi9hcnRpY2xlL3ZYb05yN2_SAS9odHRwczovL3RvZGF5LmxpbmUubWUvdHcvdjIvYW1wL2FydGljbGUvdlhvTnI3bw?oc=5,LINE TODAY Taiwan,宅配通 112年10月營收3.16億、年減8.29% | MoneyDJ理財網 | LINE TODAY - LINE TODAY Taiwan
189,2023-11-05 07:00:00,2642,https://news.google.com/rss/articles/CBMiJmh0dHBzOi8vbmV3cy5jbnllcy5jb20vbmV3cy9pZC81MzY4MDA10gEqaHR0cHM6Ly9hbXAtbmV3cy5jbnllcy5jb20vbmV3cy9pZC81MzY4MDA1?oc=5,Anue鉅亨,宅配通10月營收3.16億元年減8.29% 1—10月達34.51億元 - Anue鉅亨
190,2023-11-05 07:00:00,2642,https://news.google.com/rss/articles/CBMiwwFodHRwczovL3R3LnN0b2NrLnlhaG9vLmNvbS9uZXdzLyVFNSU4NSVBQyVFNSU5MSU4QS0lRTUlQUUlODUlRTklODUlOEQlRTklODAlOUEtMjAyMyVFNSVCOSVCNDEwJUU2JTlDJTg4JUU1JTkwJTg4JUU0JUJEJUI1JUU3JTg3JTlGJUU2JTk0JUI2My0xNiVFNSU4NCU4NCVFNSU4NSU4My0lRTUlQjklQjQlRTUlQTIlOUUtMDExMTExMzQzLmh0bWzSAQA?oc=5,Yahoo奇摩股市,【公告】宅配通2023年10月合併營收3.16億元年增-8.29% - Yahoo奇摩股市
191,2023-11-06 02:31:02,2642,https://news.google.com/rss/articles/CBMiK2h0dHBzOi8vdG9kYXkubGluZS5tZS90dy92Mi9hcnRpY2xlL3ZYb05yN2_SAS9odHRwczovL3RvZGF5LmxpbmUubWUvdHcvdjIvYW1wL2FydGljbGUvdlhvTnI3bw?oc=5,LINE TODAY Taiwan,宅配通 112年10月營收3.16億、年減8.29% | MoneyDJ理財網 | LINE TODAY - LINE TODAY Taiwan
192,2023-11-13 08:00:00,2642,https://news.google.com/rss/articles/CBMiJmh0dHBzOi8vbmV3cy5jbnllcy5jb20vbmV3cy9pZC81Mzc5NjYz0gEqaHR0cHM6Ly9hbXAtbmV3cy5jbnllcy5jb20vbmV3cy9pZC81Mzc5NjYz?oc=5,Anue鉅亨,宅配通:公告本公司會計主管異動 - Anue鉅亨
193,2023-11-13 08:00:00,2642,https://news.google.com/rss/articles/CBMiwwFodHRwczovL3R3Lm5ld3MueWFob28uY29tLyVFNSU4NSVBQyVFNSU5MSU4QS0lRTUlQUUlODUlRTklODUlOEQlRTklODAlOUElRTglOTElQTMlRTQlQkElOEIlRTYlOUMlODMlRTklODAlOUElRTklODElOEUlRTglQTglQUQlRTclQkQlQUUlRTglQjMlODclRTglQTglOEElRTUlQUUlODklRTUlODUlQTglRTklOTUlQjctMDkwODUwOTI2Lmh0bWzSAcsBaHR0cHM6Ly90dy5uZXdzLnlhaG9vLmNvbS9hbXBodG1sLyVFNSU4NSVBQyVFNSU5MSU4QS0lRTUlQUUlODUlRTklODUlOEQlRTklODAlOUElRTglOTElQTMlRTQlQkElOEIlRTYlOUMlODMlRTklODAlOUElRTklODElOEUlRTglQTglQUQlRTclQkQlQUUlRTglQjMlODclRTglQTglOEElRTUlQUUlODklRTUlODUlQTglRTklOTUlQjctMDkwODUwOTI2Lmh0bWw?oc=5,Yahoo奇摩新聞,【公告】宅配通董事會通過設置資訊安全長 - Yahoo奇摩新聞
194,2023-11-13 08:00:00,2642,https://news.google.com/rss/articles/CBMiJmh0dHBzOi8vbmV3cy5jbnllcy5jb20vbmV3cy9pZC81Mzc5NjYy0gEqaHR0cHM6Ly9hbXAtbmV3cy5jbnllcy5jb20vbmV3cy9pZC81Mzc5NjYy?oc=5,Anue鉅亨,宅配通:公告本公司於董事會提報112年第三季合併財務報告 - Anue鉅亨
195,2023-11-13 08:00:00,2642,https://news.google.com/rss/articles/CBMiJmh0dHBzOi8vbmV3cy5jbnllcy5jb20vbmV3cy9pZC81Mzc5NjY00gEqaHR0cHM6Ly9hbXAtbmV3cy5jbnllcy5jb20vbmV3cy9pZC81Mzc5NjY0?oc=5,Anue鉅亨,宅配通:公告本公司董事會通過設置資訊安全長 - Anue鉅亨
196,2023-11-13 08:00:00,2642,https://news.google.com/rss/articles/CBMiyQFodHRwczovL3R3LnN0b2NrLnlhaG9vLmNvbS9uZXdzLyVFNSU4NSVBQyVFNSU5MSU4QS0lRTUlQUUlODUlRTklODUlOEQlRTklODAlOUElRTglOTElQTMlRTQlQkElOEIlRTYlOUMlODMlRTklODAlOUElRTklODElOEUlRTglQTglQUQlRTclQkQlQUUlRTglQjMlODclRTglQTglOEElRTUlQUUlODklRTUlODUlQTglRTklOTUlQjctMDkwODUwOTI2Lmh0bWzSAQA?oc=5,Yahoo奇摩股市,【公告】宅配通董事會通過設置資訊安全長 - Yahoo奇摩股市
197,2023-11-13 08:00:00,2642,https://news.google.com/rss/articles/CBMiJmh0dHBzOi8vbmV3cy5jbnllcy5jb20vbmV3cy9pZC81Mzc5NjYz0gEA?oc=5,Anue鉅亨,宅配通:公告本公司會計主管異動| Anue鉅亨 - Anue鉅亨
198,2023-11-13 08:00:00,2642,https://news.google.com/rss/articles/CBMiJmh0dHBzOi8vbmV3cy5jbnllcy5jb20vbmV3cy9pZC81MzgxMTU00gEqaHR0cHM6Ly9hbXAtbmV3cy5jbnllcy5jb20vbmV3cy9pZC81MzgxMTU0?oc=5,Anue鉅亨,宅配通:公告本公司於董事會決議通過112年第三季合併財務報告(更正主旨) - Anue鉅亨
199,2023-11-13 08:00:00,2642,https://news.google.com/rss/articles/CBMiI2h0dHBzOi8vbS5jbnllcy5jb20vbmV3cy9pZC81Mzc5NjYy0gEqaHR0cHM6Ly9hbXAtbmV3cy5jbnllcy5jb20vbmV3cy9pZC81Mzc5NjYy?oc=5,鉅亨網,宅配通:公告本公司於董事會提報112年第三季合併財務報告 - 鉅亨網
200,2023-11-13 09:08:50,2642,https://news.google.com/rss/articles/CBMiyQFodHRwczovL3R3LnN0b2NrLnlhaG9vLmNvbS9uZXdzLyVFNSU4NSVBQyVFNSU5MSU4QS0lRTUlQUUlODUlRTklODUlOEQlRTklODAlOUElRTglOTElQTMlRTQlQkElOEIlRTYlOUMlODMlRTklODAlOUElRTklODElOEUlRTglQTglQUQlRTclQkQlQUUlRTglQjMlODclRTglQTglOEElRTUlQUUlODklRTUlODUlQTglRTklOTUlQjctMDkwODUwOTI2Lmh0bWzSAdEBaHR0cHM6Ly90dy5zdG9jay55YWhvby5jb20vYW1waHRtbC9uZXdzLyVFNSU4NSVBQyVFNSU5MSU4QS0lRTUlQUUlODUlRTklODUlOEQlRTklODAlOUElRTglOTElQTMlRTQlQkElOEIlRTYlOUMlODMlRTklODAlOUElRTklODElOEUlRTglQTglQUQlRTclQkQlQUUlRTglQjMlODclRTglQTglOEElRTUlQUUlODklRTUlODUlQTglRTklOTUlQjctMDkwODUwOTI2Lmh0bWw?oc=5,Yahoo奇摩股市,【公告】宅配通董事會通過設置資訊安全長 - Yahoo奇摩股市
201,2023-11-13 09:08:50,2642,https://news.google.com/rss/articles/CBMiwwFodHRwczovL3R3Lm5ld3MueWFob28uY29tLyVFNSU4NSVBQyVFNSU5MSU4QS0lRTUlQUUlODUlRTklODUlOEQlRTklODAlOUElRTglOTElQTMlRTQlQkElOEIlRTYlOUMlODMlRTklODAlOUElRTklODElOEUlRTglQTglQUQlRTclQkQlQUUlRTglQjMlODclRTglQTglOEElRTUlQUUlODklRTUlODUlQTglRTklOTUlQjctMDkwODUwOTI2Lmh0bWzSAcsBaHR0cHM6Ly90dy5uZXdzLnlhaG9vLmNvbS9hbXBodG1sLyVFNSU4NSVBQyVFNSU5MSU4QS0lRTUlQUUlODUlRTklODUlOEQlRTklODAlOUElRTglOTElQTMlRTQlQkElOEIlRTYlOUMlODMlRTklODAlOUElRTklODElOEUlRTglQTglQUQlRTclQkQlQUUlRTglQjMlODclRTglQTglOEElRTUlQUUlODklRTUlODUlQTglRTklOTUlQjctMDkwODUwOTI2Lmh0bWw?oc=5,Yahoo奇摩新聞,【公告】宅配通董事會通過設置資訊安全長 - Yahoo奇摩新聞
202,2023-11-14 07:34:45,2642,https://news.google.com/rss/articles/CBMiJmh0dHBzOi8vbmV3cy5jbnllcy5jb20vbmV3cy9pZC81MzgxMTU00gEqaHR0cHM6Ly9hbXAtbmV3cy5jbnllcy5jb20vbmV3cy9pZC81MzgxMTU0?oc=5,Anue鉅亨,宅配通:公告本公司於董事會決議通過112年第三季合併財務報告(更正主旨) - Anue鉅亨
203,2023-12-03 08:00:00,2642,https://news.google.com/rss/articles/CBMiJmh0dHBzOi8vbmV3cy5jbnllcy5jb20vbmV3cy9pZC81Mzk4MzIz0gEA?oc=5,Anue鉅亨,盤中速報- 宅配通(2642)急拉3.17%報42.45元，成交93張| Anue鉅亨- 台股盤中 - Anue鉅亨
204,2023-12-03 08:00:00,2642,https://news.google.com/rss/articles/CBMiK2h0dHBzOi8vdG9kYXkubGluZS5tZS90dy92Mi9hcnRpY2xlL3JtOU1QOVHSAS9odHRwczovL3RvZGF5LmxpbmUubWUvdHcvdjIvYW1wL2FydGljbGUvcm05TVA5UQ?oc=5,LINE TODAY Taiwan,盤中速報 - 宅配通(2642)急拉3.17%報42.45元，成交93張 | anue鉅亨網 | LINE TODAY - LINE TODAY Taiwan
205,2023-12-04 01:54:34,2642,https://news.google.com/rss/articles/CBMiJmh0dHBzOi8vbmV3cy5jbnllcy5jb20vbmV3cy9pZC81Mzk4MzIz0gEA?oc=5,Anue鉅亨,盤中速報- 宅配通(2642)急拉3.17%報42.45元，成交93張| Anue鉅亨 ... - Anue鉅亨
206,2023-12-04 01:54:34,2642,https://news.google.com/rss/articles/CBMiJmh0dHBzOi8vbmV3cy5jbnllcy5jb20vbmV3cy9pZC81Mzk4MzIz0gEA?oc=5,Anue鉅亨,盤中速報- 宅配通(2642)急拉3.17%報42.45元，成交93張| Anue鉅亨- 台股盤中 - Anue鉅亨
207,2023-12-06 08:00:00,2642,https://news.google.com/rss/articles/CBMiwwFodHRwczovL3R3LnN0b2NrLnlhaG9vLmNvbS9uZXdzLyVFNSU4NSVBQyVFNSU5MSU4QS0lRTUlQUUlODUlRTklODUlOEQlRTklODAlOUEtMjAyMyVFNSVCOSVCNDExJUU2JTlDJTg4JUU1JTkwJTg4JUU0JUJEJUI1JUU3JTg3JTlGJUU2JTk0JUI2My04NCVFNSU4NCU4NCVFNSU4NSU4My0lRTUlQjklQjQlRTUlQTIlOUUtMDM0MTE2NTAxLmh0bWzSAQA?oc=5,Yahoo奇摩股市,【公告】宅配通2023年11月合併營收3.84億元年增-4.46% - Yahoo奇摩股市
208,2023-12-06 08:00:00,2642,https://news.google.com/rss/articles/CBMixAFodHRwczovL3R3LnNwb3J0cy55YWhvby5jb20vbmV3cy8lRTUlODUlQUMlRTUlOTElOEEtJUU1JUFFJTg1JUU5JTg1JThEJUU5JTgwJTlBLTIwMjMlRTUlQjklQjQxMSVFNiU5QyU4OCVFNSU5MCU4OCVFNCVCRCVCNSVFNyU4NyU5RiVFNiU5NCVCNjMtODQlRTUlODQlODQlRTUlODUlODMtJUU1JUI5JUI0JUU1JUEyJTlFLTAzNDExNjUwMS5odG1s0gEA?oc=5,Yahoo奇摩運動,【公告】宅配通2023年11月合併營收3.84億元年增-4.46% - Yahoo奇摩運動
209,2023-12-06 08:00:00,2642,https://news.google.com/rss/articles/CBMixAFodHRwczovL3R3LnNwb3J0cy55YWhvby5jb20vbmV3cy8lRTUlODUlQUMlRTUlOTElOEEtJUU1JUFFJTg1JUU5JTg1JThEJUU5JTgwJTlBLTIwMjMlRTUlQjklQjQxMSVFNiU5QyU4OCVFNSU5MCU4OCVFNCVCRCVCNSVFNyU4NyU5RiVFNiU5NCVCNjMtODQlRTUlODQlODQlRTUlODUlODMtJUU1JUI5JUI0JUU1JUEyJTlFLTAzNDExNjUwMS5odG1s0gHMAWh0dHBzOi8vdHcuc3BvcnRzLnlhaG9vLmNvbS9hbXBodG1sL25ld3MvJUU1JTg1JUFDJUU1JTkxJThBLSVFNSVBRSU4NSVFOSU4NSU4RCVFOSU4MCU5QS0yMDIzJUU1JUI5JUI0MTElRTYlOUMlODglRTUlOTAlODglRTQlQkQlQjUlRTclODclOUYlRTYlOTQlQjYzLTg0JUU1JTg0JTg0JUU1JTg1JTgzLSVFNSVCOSVCNCVFNSVBMiU5RS0wMzQxMTY1MDEuaHRtbA?oc=5,Yahoo奇摩運動,【公告】宅配通 2023年11月合併營收3.84億元 年增-4.46% - Yahoo奇摩運動
210,2023-12-06 08:00:00,2642,https://news.google.com/rss/articles/CBMiJmh0dHBzOi8vbmV3cy5jbnllcy5jb20vbmV3cy9pZC81NDAyMjYx0gEqaHR0cHM6Ly9hbXAtbmV3cy5jbnllcy5jb20vbmV3cy9pZC81NDAyMjYx?oc=5,Anue鉅亨,宅配通11月營收3.84億元年減4.46% 1—11月達38.36億元 - Anue鉅亨
211,2023-12-07 03:33:00,2642,https://news.google.com/rss/articles/CBMiVmh0dHBzOi8vd3cyLm1vbmV5LWxpbmsuY29tLnR3L1JlYWx0aW1lTmV3cy9OZXdzQ29udGVudC5hc3B4P3NuPTE5OTkzMzUwMDImcHU9TmV3c18wMDQ20gEA?oc=5,富聯網,營收：宅配通(2642)11月營收3億8415萬元，月增率21.58%，年增率-4.46% - 富聯網
212,2023-12-07 03:40:00,2642,https://news.google.com/rss/articles/CBMiUWh0dHBzOi8vd3cyLm1vbmV5LWxpbmsuY29tLnR3L1JlYWx0aW1lTmV3cy9OZXdzQ29udGVudC5hc3B4P1NOPTUzNDM2NTYwMDEmUFU9MDAxMNIBAA?oc=5,富聯網,《業績-航運》宅配通11月營收為3.84億元，年減4.46% - 富聯網
213,2023-12-07 03:49:15,2642,https://news.google.com/rss/articles/CBMiwwFodHRwczovL3R3LnN0b2NrLnlhaG9vLmNvbS9uZXdzLyVFNSU4NSVBQyVFNSU5MSU4QS0lRTUlQUUlODUlRTklODUlOEQlRTklODAlOUEtMjAyMyVFNSVCOSVCNDExJUU2JTlDJTg4JUU1JTkwJTg4JUU0JUJEJUI1JUU3JTg3JTlGJUU2JTk0JUI2My04NCVFNSU4NCU4NCVFNSU4NSU4My0lRTUlQjklQjQlRTUlQTIlOUUtMDM0MTE2NTAxLmh0bWzSAQA?oc=5,Yahoo奇摩股市,【公告】宅配通2023年11月合併營收3.84億元年增-4.46% - Yahoo奇摩股市
214,2023-12-07 04:31:53,2642,https://news.google.com/rss/articles/CBMixAFodHRwczovL3R3LnNwb3J0cy55YWhvby5jb20vbmV3cy8lRTUlODUlQUMlRTUlOTElOEEtJUU1JUFFJTg1JUU5JTg1JThEJUU5JTgwJTlBLTIwMjMlRTUlQjklQjQxMSVFNiU5QyU4OCVFNSU5MCU4OCVFNCVCRCVCNSVFNyU4NyU5RiVFNiU5NCVCNjMtODQlRTUlODQlODQlRTUlODUlODMtJUU1JUI5JUI0JUU1JUEyJTlFLTAzNDExNjUwMS5odG1s0gHMAWh0dHBzOi8vdHcuc3BvcnRzLnlhaG9vLmNvbS9hbXBodG1sL25ld3MvJUU1JTg1JUFDJUU1JTkxJThBLSVFNSVBRSU4NSVFOSU4NSU4RCVFOSU4MCU5QS0yMDIzJUU1JUI5JUI0MTElRTYlOUMlODglRTUlOTAlODglRTQlQkQlQjUlRTclODclOUYlRTYlOTQlQjYzLTg0JUU1JTg0JTg0JUU1JTg1JTgzLSVFNSVCOSVCNCVFNSVBMiU5RS0wMzQxMTY1MDEuaHRtbA?oc=5,Yahoo奇摩運動,【公告】宅配通 2023年11月合併營收3.84億元 年增-4.46% - Yahoo奇摩運動
215,2023-12-07 04:31:58,2642,https://news.google.com/rss/articles/CBMixAFodHRwczovL3R3LnNwb3J0cy55YWhvby5jb20vbmV3cy8lRTUlODUlQUMlRTUlOTElOEEtJUU1JUFFJTg1JUU5JTg1JThEJUU5JTgwJTlBLTIwMjMlRTUlQjklQjQxMSVFNiU5QyU4OCVFNSU5MCU4OCVFNCVCRCVCNSVFNyU4NyU5RiVFNiU5NCVCNjMtODQlRTUlODQlODQlRTUlODUlODMtJUU1JUI5JUI0JUU1JUEyJTlFLTAzNDExNjUwMS5odG1s0gEA?oc=5,Yahoo奇摩運動,【公告】宅配通2023年11月合併營收3.84億元年增-4.46% - Yahoo奇摩運動
216,2023-12-07 06:40:28,2642,https://news.google.com/rss/articles/CBMiJmh0dHBzOi8vbmV3cy5jbnllcy5jb20vbmV3cy9pZC81NDAyMjYx0gEqaHR0cHM6Ly9hbXAtbmV3cy5jbnllcy5jb20vbmV3cy9pZC81NDAyMjYx?oc=5,Anue鉅亨,宅配通11月營收3.84億元年減4.46% 1—11月達38.36億元 - Anue鉅亨
217,2023-12-07 06:59:45,2642,https://news.google.com/rss/articles/CBMivQFodHRwczovL3R3Lm5ld3MueWFob28uY29tLyVFNSU4NSVBQyVFNSU5MSU4QS0lRTUlQUUlODUlRTklODUlOEQlRTklODAlOUEtMjAyMyVFNSVCOSVCNDExJUU2JTlDJTg4JUU1JTkwJTg4JUU0JUJEJUI1JUU3JTg3JTlGJUU2JTk0JUI2My04NCVFNSU4NCU4NCVFNSU4NSU4My0lRTUlQjklQjQlRTUlQTIlOUUtMDM0MTE2NTAxLmh0bWzSAcUBaHR0cHM6Ly90dy5uZXdzLnlhaG9vLmNvbS9hbXBodG1sLyVFNSU4NSVBQyVFNSU5MSU4QS0lRTUlQUUlODUlRTklODUlOEQlRTklODAlOUEtMjAyMyVFNSVCOSVCNDExJUU2JTlDJTg4JUU1JTkwJTg4JUU0JUJEJUI1JUU3JTg3JTlGJUU2JTk0JUI2My04NCVFNSU4NCU4NCVFNSU4NSU4My0lRTUlQjklQjQlRTUlQTIlOUUtMDM0MTE2NTAxLmh0bWw?oc=5,Yahoo奇摩新聞,【公告】宅配通 2023年11月合併營收3.84億元 年增-4.46% - Yahoo奇摩新聞
218,2023-12-07 08:00:00,2642,https://news.google.com/rss/articles/CBMixAFodHRwczovL3R3LnNwb3J0cy55YWhvby5jb20vbmV3cy8lRTUlODUlQUMlRTUlOTElOEEtJUU1JUFFJTg1JUU5JTg1JThEJUU5JTgwJTlBLTIwMjMlRTUlQjklQjQxMSVFNiU5QyU4OCVFNSU5MCU4OCVFNCVCRCVCNSVFNyU4NyU5RiVFNiU5NCVCNjMtODQlRTUlODQlODQlRTUlODUlODMtJUU1JUI5JUI0JUU1JUEyJTlFLTAzNDExNjUwMS5odG1s0gHMAWh0dHBzOi8vdHcuc3BvcnRzLnlhaG9vLmNvbS9hbXBodG1sL25ld3MvJUU1JTg1JUFDJUU1JTkxJThBLSVFNSVBRSU4NSVFOSU4NSU4RCVFOSU4MCU5QS0yMDIzJUU1JUI5JUI0MTElRTYlOUMlODglRTUlOTAlODglRTQlQkQlQjUlRTclODclOUYlRTYlOTQlQjYzLTg0JUU1JTg0JTg0JUU1JTg1JTgzLSVFNSVCOSVCNCVFNSVBMiU5RS0wMzQxMTY1MDEuaHRtbA?oc=5,Yahoo奇摩運動,【公告】宅配通 2023年11月合併營收3.84億元 年增-4.46% - Yahoo奇摩運動
219,2023-12-15 08:00:00,2642,https://news.google.com/rss/articles/CBMixAFodHRwczovL3R3LnNwb3J0cy55YWhvby5jb20vbmV3cy8lRTUlODUlQUMlRTUlOTElOEEtJUU1JUFFJTg1JUU5JTg1JThEJUU5JTgwJTlBLTIwMjMlRTUlQjklQjQxMSVFNiU5QyU4OCVFNSU5MCU4OCVFNCVCRCVCNSVFNyU4NyU5RiVFNiU5NCVCNjMtODQlRTUlODQlODQlRTUlODUlODMtJUU1JUI5JUI0JUU1JUEyJTlFLTAzNDExNjUwMS5odG1s0gHMAWh0dHBzOi8vdHcuc3BvcnRzLnlhaG9vLmNvbS9hbXBodG1sL25ld3MvJUU1JTg1JUFDJUU1JTkxJThBLSVFNSVBRSU4NSVFOSU4NSU4RCVFOSU4MCU5QS0yMDIzJUU1JUI5JUI0MTElRTYlOUMlODglRTUlOTAlODglRTQlQkQlQjUlRTclODclOUYlRTYlOTQlQjYzLTg0JUU1JTg0JTg0JUU1JTg1JTgzLSVFNSVCOSVCNCVFNSVBMiU5RS0wMzQxMTY1MDEuaHRtbA?oc=5,Yahoo奇摩運動,【公告】宅配通 2023年11月合併營收3.84億元 年增-4.46% - Yahoo奇摩運動
220,2023-12-17 08:00:00,2642,https://news.google.com/rss/articles/CBMisQFodHRwczovL3R3Lm5ld3MueWFob28uY29tLyVFNSU4NSVBQyVFNSU5MSU4QS0lRTUlQUUlODUlRTklODUlOEQlRTklODAlOUElRTglOTElQTMlRTQlQkElOEIlRTYlOUMlODMlRTklODAlOUElRTklODElOEUlRTQlQjklOEIlRTklODclOEQlRTglQTYlODElRTYlQjElQkElRTglQUQlQjAtMDcxOTU1MTE2Lmh0bWzSAbkBaHR0cHM6Ly90dy5uZXdzLnlhaG9vLmNvbS9hbXBodG1sLyVFNSU4NSVBQyVFNSU5MSU4QS0lRTUlQUUlODUlRTklODUlOEQlRTklODAlOUElRTglOTElQTMlRTQlQkElOEIlRTYlOUMlODMlRTklODAlOUElRTklODElOEUlRTQlQjklOEIlRTklODclOEQlRTglQTYlODElRTYlQjElQkElRTglQUQlQjAtMDcxOTU1MTE2Lmh0bWw?oc=5,Yahoo奇摩新聞,【公告】宅配通董事會通過之重要決議 - Yahoo奇摩新聞
221,2023-12-17 08:00:00,2642,https://news.google.com/rss/articles/CBMitwFodHRwczovL3R3LnN0b2NrLnlhaG9vLmNvbS9uZXdzLyVFNSU4NSVBQyVFNSU5MSU4QS0lRTUlQUUlODUlRTklODUlOEQlRTklODAlOUElRTglOTElQTMlRTQlQkElOEIlRTYlOUMlODMlRTklODAlOUElRTklODElOEUlRTQlQjklOEIlRTklODclOEQlRTglQTYlODElRTYlQjElQkElRTglQUQlQjAtMDcxOTU1MTE2Lmh0bWzSAQA?oc=5,Yahoo奇摩股市,【公告】宅配通董事會通過之重要決議 - Yahoo奇摩股市
222,2023-12-17 08:00:00,2642,https://news.google.com/rss/articles/CBMiJmh0dHBzOi8vbmV3cy5jbnllcy5jb20vbmV3cy9pZC81NDEzMjMw0gEqaHR0cHM6Ly9hbXAtbmV3cy5jbnllcy5jb20vbmV3cy9pZC81NDEzMjMw?oc=5,Anue鉅亨,宅配通:公告本公司董事會通過之重要決議 - Anue鉅亨
223,2023-12-18 07:31:03,2642,https://news.google.com/rss/articles/CBMitwFodHRwczovL3R3LnN0b2NrLnlhaG9vLmNvbS9uZXdzLyVFNSU4NSVBQyVFNSU5MSU4QS0lRTUlQUUlODUlRTklODUlOEQlRTklODAlOUElRTglOTElQTMlRTQlQkElOEIlRTYlOUMlODMlRTklODAlOUElRTklODElOEUlRTQlQjklOEIlRTklODclOEQlRTglQTYlODElRTYlQjElQkElRTglQUQlQjAtMDcxOTU1MTE2Lmh0bWzSAQA?oc=5,Yahoo奇摩股市,【公告】宅配通董事會通過之重要決議 - Yahoo奇摩股市
224,2023-12-18 07:36:06,2642,https://news.google.com/rss/articles/CBMitwFodHRwczovL3R3LnN0b2NrLnlhaG9vLmNvbS9uZXdzLyVFNSU4NSVBQyVFNSU5MSU4QS0lRTUlQUUlODUlRTklODUlOEQlRTklODAlOUElRTglOTElQTMlRTQlQkElOEIlRTYlOUMlODMlRTklODAlOUElRTklODElOEUlRTQlQjklOEIlRTklODclOEQlRTglQTYlODElRTYlQjElQkElRTglQUQlQjAtMDcxOTU1MTE2Lmh0bWzSAQA?oc=5,Yahoo奇摩股市,【公告】宅配通董事會通過之重要決議 - Yahoo奇摩股市
225,2023-12-18 08:00:00,2642,https://news.google.com/rss/articles/CBMitwFodHRwczovL3R3LnN0b2NrLnlhaG9vLmNvbS9uZXdzLyVFNSU4NSVBQyVFNSU5MSU4QS0lRTUlQUUlODUlRTklODUlOEQlRTklODAlOUElRTglOTElQTMlRTQlQkElOEIlRTYlOUMlODMlRTklODAlOUElRTklODElOEUlRTQlQjklOEIlRTklODclOEQlRTglQTYlODElRTYlQjElQkElRTglQUQlQjAtMDcxOTU1MTE2Lmh0bWzSAQA?oc=5,Yahoo奇摩股市,【公告】宅配通董事會通過之重要決議 - Yahoo奇摩股市
226,2023-12-18 08:00:00,2642,https://news.google.com/rss/articles/CBMisQFodHRwczovL3R3Lm5ld3MueWFob28uY29tLyVFNSU4NSVBQyVFNSU5MSU4QS0lRTUlQUUlODUlRTklODUlOEQlRTklODAlOUElRTglOTElQTMlRTQlQkElOEIlRTYlOUMlODMlRTklODAlOUElRTklODElOEUlRTQlQjklOEIlRTklODclOEQlRTglQTYlODElRTYlQjElQkElRTglQUQlQjAtMDcxOTU1MTE2Lmh0bWzSAbkBaHR0cHM6Ly90dy5uZXdzLnlhaG9vLmNvbS9hbXBodG1sLyVFNSU4NSVBQyVFNSU5MSU4QS0lRTUlQUUlODUlRTklODUlOEQlRTklODAlOUElRTglOTElQTMlRTQlQkElOEIlRTYlOUMlODMlRTklODAlOUElRTklODElOEUlRTQlQjklOEIlRTklODclOEQlRTglQTYlODElRTYlQjElQkElRTglQUQlQjAtMDcxOTU1MTE2Lmh0bWw?oc=5,Yahoo奇摩新聞,【公告】宅配通董事會通過之重要決議 - Yahoo奇摩新聞
227,2023-12-19 09:34:43,2642,https://news.google.com/rss/articles/CBMixAFodHRwczovL3R3LnNwb3J0cy55YWhvby5jb20vbmV3cy8lRTUlODUlQUMlRTUlOTElOEEtJUU1JUFFJTg1JUU5JTg1JThEJUU5JTgwJTlBLTIwMjMlRTUlQjklQjQxMSVFNiU5QyU4OCVFNSU5MCU4OCVFNCVCRCVCNSVFNyU4NyU5RiVFNiU5NCVCNjMtODQlRTUlODQlODQlRTUlODUlODMtJUU1JUI5JUI0JUU1JUEyJTlFLTAzNDExNjUwMS5odG1s0gHMAWh0dHBzOi8vdHcuc3BvcnRzLnlhaG9vLmNvbS9hbXBodG1sL25ld3MvJUU1JTg1JUFDJUU1JTkxJThBLSVFNSVBRSU4NSVFOSU4NSU4RCVFOSU4MCU5QS0yMDIzJUU1JUI5JUI0MTElRTYlOUMlODglRTUlOTAlODglRTQlQkQlQjUlRTclODclOUYlRTYlOTQlQjYzLTg0JUU1JTg0JTg0JUU1JTg1JTgzLSVFNSVCOSVCNCVFNSVBMiU5RS0wMzQxMTY1MDEuaHRtbA?oc=5,Yahoo奇摩運動,【公告】宅配通 2023年11月合併營收3.84億元 年增-4.46% - Yahoo奇摩運動
228,2023-12-25 08:00:00,2642,https://news.google.com/rss/articles/CBMiJmh0dHBzOi8vbmV3cy5jbnllcy5jb20vbmV3cy9pZC81NDIwMDA50gEqaHR0cHM6Ly9hbXAtbmV3cy5jbnllcy5jb20vbmV3cy9pZC81NDIwMDA5?oc=5,Anue鉅亨,宅配通:公告本公司受邀參加統一綜合證券舉辦之法人說明會 - Anue鉅亨
229,2023-12-26 07:56:00,2642,https://news.google.com/rss/articles/CBMiUWh0dHBzOi8vd3cyLm1vbmV5LWxpbmsuY29tLnR3L1JlYWx0aW1lTmV3cy9OZXdzQ29udGVudC5hc3B4P1NOPTIwMDY2MzAwMDImUFU9MDAxMNIBAA?oc=5,富聯網,個股：宅配通(2642)12/27受邀參加統一綜合證券舉辦之法人說明會 - 富聯網
